benchmark,qid,question,gold_answer,reference_date,manual_temporal_type,gold_fact_ids,conflict_fact_ids,annotation_source,adjudication_provenance,author_notes
locomo,conv-26_qa000,When did Caroline go to the LGBTQ support group?,7 May 2023,2023/10/22 (Sun) 09:55,historical-state,item_cce5d0eb8d8114b3,,hybrid_author_adjudicated,stable_model_assisted,
locomo,conv-26_qa001,When did Melanie paint a sunrise?,2022,2023/10/22 (Sun) 09:55,historical-state,item_be66172825f81ac7,,hybrid_author_adjudicated,stable_model_assisted,
locomo,conv-26_qa006,When is Melanie planning on going camping?,June 2023,2023/10/22 (Sun) 09:55,historical-state,item_17b976e7a43b14f0;item_8b4ba81920923d5f;item_946af971a3dd8672;fact_f9899f79b5e09ab1;fact_7c922be24c2f9a44,,hybrid_author_adjudicated,stable_model_assisted,
locomo,conv-26_qa008,When did Caroline give a speech at a school?,The week before 9 June 2023,2023/10/22 (Sun) 09:55,historical-state,item_5dc971dc37406abc,,hybrid_author_adjudicated,author_custom,The school-speech fact directly supplies the requested week; the June 9 support fact is context only.
locomo,conv-26_qa009,"When did Caroline meet up with her friends, family, and mentors?",The week before 9 June 2023,2023/10/22 (Sun) 09:55,historical-state,item_4ea06700dab4f234,,hybrid_author_adjudicated,author_custom,"The picnic is a separate later event, not a conflict with this meetup."
locomo,conv-26_qa010,How long has Caroline had her current group of friends for?,4 years,2023/10/22 (Sun) 09:55,duration,item_e78fa03e4f9e68db,,hybrid_author_adjudicated,stable_model_assisted,
locomo,conv-26_qa012,How long ago was Caroline's 18th birthday?,10 years ago,2023/10/22 (Sun) 09:55,duration,item_36fb4f46578eab27,,hybrid_author_adjudicated,stable_model_assisted,
locomo,conv-26_qa016,When did Melanie sign up for a pottery class?,2 July 2023,2023/10/22 (Sun) 09:55,historical-state,item_3e686b61cd50c287,,hybrid_author_adjudicated,stable_model_assisted,
locomo,conv-26_qa017,When is Caroline going to the transgender conference?,July 2023,2023/10/22 (Sun) 09:55,historical-state,item_5d5ad055ca0fc1b0;item_b3ecb2047dea8859,,hybrid_author_adjudicated,stable_model_assisted,
locomo,conv-26_qa020,When did Melanie go to the museum?,5 July 2023,2023/10/22 (Sun) 09:55,historical-state,item_dc86a3eae08d4a16,,hybrid_author_adjudicated,stable_model_assisted,
locomo,conv-26_qa021,When did Caroline have a picnic?,The week before 6 July 2023,2023/10/22 (Sun) 09:55,historical-state,item_6b670e85d715c2c6,,hybrid_author_adjudicated,author_custom,Only the picnic fact directly supports the requested event and week.
locomo,conv-26_qa025,When did Caroline go to the LGBTQ conference?,10 July 2023,2023/10/22 (Sun) 09:55,historical-state,item_055262b56b9f47ff,,hybrid_author_adjudicated,stable_model_assisted,
locomo,conv-26_qa026,"When did Melanie read the book ""nothing is impossible""?",2022,2023/10/22 (Sun) 09:55,historical-state,item_20ede2c254ad195c,,hybrid_author_adjudicated,stable_model_assisted,
locomo,conv-26_qa029,When did Melanie go to the pottery workshop?,The Friday before 15 July 2023,2023/10/22 (Sun) 09:55,historical-state,item_164dda73ac42af10;item_c959000c4a56855a,,hybrid_author_adjudicated,author_accepted_independent,Both selected facts directly describe the July 14 pottery workshop.
locomo,conv-26_qa031,When did Melanie go camping in June?,The week before 27 June 2023,2023/10/22 (Sun) 09:55,historical-state,item_8b4ba81920923d5f,,hybrid_author_adjudicated,author_custom,This fact directly dates the June camping trip; the other candidates are only bounds or unrelated context.
locomo,conv-26_qa033,When did Caroline go to a pride parade during the summer?,The week before 3 July 2023,2023/10/22 (Sun) 09:55,historical-state,fact_b834b05e92f34175;item_23e23ba9523baef1;item_58fb396e63b8bf71;item_720150345fbdcd9a,,hybrid_author_adjudicated,author_custom,August parade facts concern a different event and are not conflicts.
locomo,conv-26_qa035,When did Melanie go camping in July?,two weekends before 17 July 2023,2023/10/22 (Sun) 09:55,historical-state,fact_59383566d0785003;item_6b42e8d965aa32a8;item_c0289b89f98f7268,,hybrid_author_adjudicated,author_custom,These facts support the early-July family camping trip; June and later camping trips are separate events.
locomo,conv-26_qa036,When did Caroline join a mentorship program?,The weekend before 17 July 2023,2023/10/22 (Sun) 09:55,historical-state,item_adb2785b19ff6b2f,,hybrid_author_adjudicated,author_accepted_independent,The selected fact directly dates the mentorship-program event.
locomo,conv-26_qa041,When did Caroline join a new activist group?,The Tuesday before 20 July 2023,2023/10/22 (Sun) 09:55,historical-state,item_1032833a730fe25d,,hybrid_author_adjudicated,author_accepted_independent,The selected fact directly dates joining the activist group.
locomo,conv-26_qa044,When is Melanie's daughter's birthday?,13 August,2023/10/22 (Sun) 09:55,historical-state,item_01242499a43c2fbc,,hybrid_author_adjudicated,stable_model_assisted,
locomo,conv-26_qa045,When did Caroline attend a pride parade in August?,The Friday before 14 August 2023,2023/10/22 (Sun) 09:55,historical-state,item_185007f7fbdca15b,,hybrid_author_adjudicated,author_custom,The August 14 photo is not evidence of a competing parade date.
locomo,conv-26_qa049,When did Caroline and Melanie go to a pride fesetival together?,2022,2023/10/22 (Sun) 09:55,historical-state,item_2ac4c1b051c1d4f7,item_185007f7fbdca15b;item_1a404d160252b4aa;item_23e23ba9523baef1;item_320fd8d1ac1fe8ca;item_58fb396e63b8bf71;item_720150345fbdcd9a,hybrid_author_adjudicated,stable_model_assisted,
locomo,conv-26_qa053,When did Caroline apply to adoption agencies?,The week of 23 August 2023,2023/10/22 (Sun) 09:55,historical-state,item_df8b1a52dfd9a15d,item_38a035adb31309c2;item_a8c6382365304358;item_dffd7713963a98cc;item_e84fee0011e005c5,hybrid_author_adjudicated,stable_model_assisted,
locomo,conv-26_qa054,When did Caroline draw a self-portrait?,The week before 23 August 2023,2023/10/22 (Sun) 09:55,historical-state,item_fc87971ce2054a05,,hybrid_author_adjudicated,author_custom,The self-portrait fact directly supports the answer; adoption-group activity is unrelated.
locomo,conv-26_qa057,When did Caroline encounter people on a hike and have a negative experience?,The week before 25 August 2023,2023/10/22 (Sun) 09:55,historical-state,item_b29fa4d5d3ad5846;item_eecf1f7d27962e96,,hybrid_author_adjudicated,author_custom,Both facts describe the negative hiking encounter in the target week; unrelated August activities are not conflicts.
locomo,conv-26_qa058,When did Melanie make a plate in pottery class?,24 August 2023,2023/10/22 (Sun) 09:55,historical-state,item_528f75ae8cee2a63,item_0447e5ee5b5975d9;item_15ce6235af991a84;item_164dda73ac42af10;item_5ce74d620751c5bc,hybrid_author_adjudicated,stable_model_assisted,
locomo,conv-26_qa062,When did Melanie go to the park?,27 August 2023,2023/10/22 (Sun) 09:55,historical-state,item_7bffa60b88f80ca3,item_e1055f248235c851,hybrid_author_adjudicated,stable_model_assisted,
locomo,conv-26_qa063,When is Caroline's youth center putting on a talent show?,September 2023,2023/10/22 (Sun) 09:55,historical-state,item_c8e4f6154eb361f8,,hybrid_author_adjudicated,stable_model_assisted,
locomo,conv-26_qa067,When did Caroline go biking with friends?,The weekend before 13 September 2023,2023/10/22 (Sun) 09:55,historical-state,item_baa104450a368360,,hybrid_author_adjudicated,author_custom,Only the biking fact directly supports the answer.
locomo,conv-26_qa068,How long has Melanie been practicing art?,Since 2016,2023/10/22 (Sun) 09:55,duration,item_e6aba54c609ac0ca,,hybrid_author_adjudicated,stable_model_assisted,
locomo,conv-26_qa072,When did Melanie's friend adopt a child?,2022,2023/10/22 (Sun) 09:55,historical-state,item_d18437e0f9b17e16,,hybrid_author_adjudicated,stable_model_assisted,
locomo,conv-26_qa073,When did Melanie get hurt?,September 2023,2023/10/22 (Sun) 09:55,historical-state,item_2a7de98cd0640094,,hybrid_author_adjudicated,stable_model_assisted,
locomo,conv-26_qa074,When did Melanie's family go on a roadtrip?,The weekend before 20 October 2023,2023/10/22 (Sun) 09:55,historical-state,item_5882cf738aa40c23,,hybrid_author_adjudicated,author_custom,Camping trips are different events and are not road-trip conflicts.
locomo,conv-26_qa079,When did Caroline pass the adoption interview?,The Friday before 22 October 2023,2023/10/22 (Sun) 09:55,historical-state,item_a8c6382365304358,,hybrid_author_adjudicated,author_accepted_independent,The selected fact directly dates passing the adoption interview.
locomo,conv-26_qa080,When did Melanie buy the figurines?,21 October 2023,2023/10/22 (Sun) 09:55,historical-state,item_caa7ad558dfe5452,,hybrid_author_adjudicated,stable_model_assisted,
locomo,conv-30_qa000,When Jon has lost his job as a banker?,"19 January, 2023",2023/07/23 (Sun) 18:46,historical-state,item_5560d4f79a42f585;item_90b00fbf318eb64b,item_10bc18421f92cbd1;item_5abf7fef29b9ea8b;item_d0befdcbfee94139,hybrid_author_adjudicated,stable_model_assisted,
locomo,conv-30_qa001,When Gina has lost her job at Door Dash?,"January, 2023",2023/07/23 (Sun) 18:46,historical-state,item_e8f80971459da560;item_90b00fbf318eb64b;item_5560d4f79a42f585;fact_be790bf9299ed511;fact_03840a30c498df4a,item_a491e4a8845f4fa5;fact_f17676b08e882eb7,hybrid_author_adjudicated,stable_model_assisted,
locomo,conv-30_qa006,When is Jon's group performing at a festival?,"February, 2023",2023/07/23 (Sun) 18:46,historical-state,item_f711c76c30005b17;item_6d46b882577294f2;fact_f580dec1e593b2e7,fact_6cb1ba90cd0da942;item_d41fdf3d095c86d3;fact_c107f3db35b3f538;fact_e8bd6741a5380927,hybrid_author_adjudicated,stable_model_assisted,
locomo,conv-30_qa007,When did Gina launch an ad campaign for her store?,"29 January, 2023",2023/07/23 (Sun) 18:46,historical-state,item_b5a52dc3d2057a91,,hybrid_author_adjudicated,stable_model_assisted,
locomo,conv-30_qa008,When was Jon in Paris?,28 January 2023,2023/07/23 (Sun) 18:46,historical-state,item_26806c6c30b82af2,,hybrid_author_adjudicated,stable_model_assisted,
locomo,conv-30_qa010,When did Gina team up with a local artist for some cool designs?,"February, 2023",2023/07/23 (Sun) 18:46,historical-state,item_6cb990def44f4ac0,,hybrid_author_adjudicated,stable_model_assisted,
locomo,conv-30_qa011,When did Gina get her tattoo?,A few years ago,2023/07/23 (Sun) 18:46,historical-state,item_b596c2dbd1216843,,hybrid_author_adjudicated,stable_model_assisted,
locomo,conv-30_qa012,When did Jon start to go to the gym?,"March, 2023",2023/07/23 (Sun) 18:46,historical-state,item_68b9b176b87a8611,,hybrid_author_adjudicated,stable_model_assisted,
locomo,conv-30_qa013,When did Gina open her online clothing store?,"16 March, 2023",2023/07/23 (Sun) 18:46,historical-state,item_2df9bafc1337e3cd;item_9e3096e198d6fad7,,hybrid_author_adjudicated,stable_model_assisted,
locomo,conv-30_qa014,When did Jon start expanding his studio's social media presence?,"April, 2023",2023/07/23 (Sun) 18:46,historical-state,item_9313842a229a97c0,,hybrid_author_adjudicated,stable_model_assisted,
locomo,conv-30_qa015,When did Jon host a dance competition?,"May, 2023",2023/07/23 (Sun) 18:46,historical-state,item_d91079f7cfc37380,item_09d2e8fa0783badb;item_9854acda7711cace,hybrid_author_adjudicated,stable_model_assisted,
locomo,conv-30_qa016,When did Jon go to a fair to get more exposure for his dance studio?,"24 April, 2023",2023/07/23 (Sun) 18:46,historical-state,item_e2031b03ea2ad86e,,hybrid_author_adjudicated,stable_model_assisted,
locomo,conv-30_qa019,When did Gina interview for a design internship?,"10 May, 2023",2023/07/23 (Sun) 18:46,historical-state,item_02704cad6748bca1,,hybrid_author_adjudicated,stable_model_assisted,
locomo,conv-30_qa020,When did Gina get accepted for the design internship?,"27 May, 2023",2023/07/23 (Sun) 18:46,historical-state,item_a8a85263a8547870,item_02704cad6748bca1,hybrid_author_adjudicated,stable_model_assisted,
locomo,conv-30_qa021,"When did Jon start reading ""The Lean Startup""?","May, 2023",2023/07/23 (Sun) 18:46,historical-state,item_fef83078a4786549,,hybrid_author_adjudicated,stable_model_assisted,
locomo,conv-30_qa022,When did Gina develop a video presentation to teach how to style her fashion pieces? ,"June, 2023",2023/07/23 (Sun) 18:46,historical-state,item_e0978477ceb46c10,,hybrid_author_adjudicated,stable_model_assisted,
locomo,conv-30_qa026,When did Jon receive mentorship to promote his venture?,"15 June, 2023",2023/07/23 (Sun) 18:46,historical-state,item_618b738eddb4ddd7,,hybrid_author_adjudicated,stable_model_assisted,
locomo,conv-30_qa028,When was Jon in Rome?,June 2023,2023/07/23 (Sun) 18:46,historical-state,item_01b0657b3c9fb3d4,,hybrid_author_adjudicated,author_custom,"The Paris visit is a different trip, not a conflicting Rome date."
locomo,conv-30_qa030,When Jon is planning to open his dance studio?,"20 June, 2023",2023/07/23 (Sun) 18:46,historical-state,item_28fa13807230b193;item_7c053713ee74bf44;item_7e9f469614c8a664;item_8de5fae99006f0ac;item_b85c4cfc699ab08b,item_56cbd60b79518db7;item_5da99ad4fdd3c6d3;item_c5e810e082f6de3c;item_f0d8404a4a371c34,hybrid_author_adjudicated,stable_model_assisted,
locomo,conv-30_qa032,When did Gina design a limited collection of hoodies?,June 2023,2023/07/23 (Sun) 18:46,historical-state,item_f4fad781d5a210dc,,hybrid_author_adjudicated,stable_model_assisted,
locomo,conv-30_qa033,When did Jon visit networking events for his store?,"20 June, 2023",2023/07/23 (Sun) 18:46,historical-state,item_694bc7ad1af2f44f,,hybrid_author_adjudicated,stable_model_assisted,
locomo,conv-30_qa034,When did Gina start being recognized by fashion editors?,July 2023,2023/07/23 (Sun) 18:46,historical-state,item_f5a46ff24f71c15d,,hybrid_author_adjudicated,stable_model_assisted,
locomo,conv-30_qa035,When did Jon start learning marketing and analytics tools?,"July, 2023",2023/07/23 (Sun) 18:46,historical-state,item_601fa2fcd61012ee,,hybrid_author_adjudicated,stable_model_assisted,
locomo,conv-30_qa036,When did Jon and Gina decide to collaborate to create dance content?,21 July 2023,2023/07/23 (Sun) 18:46,historical-state,item_4d1087bfed0beb50,,hybrid_author_adjudicated,author_custom,The agreement fact directly dates the decision to collaborate.
locomo,conv-30_qa038,When did Gina go to a dance class with a group of friends?,21 July 2023,2023/07/23 (Sun) 18:46,historical-state,item_10e7f8c80eabbe0f,,hybrid_author_adjudicated,stable_model_assisted,
locomo,conv-41_qa000,"Who did Maria have dinner with on May 3, 2023?",her mother,2023/08/16 (Wed) 11:08,historical-state,item_2e98bd852b54d518,,hybrid_author_adjudicated,author_accepted_independent,The selected fact directly identifies the dinner companion on May 3.
locomo,conv-41_qa001,When did Maria donate her car?,21 December 2022,2023/08/16 (Wed) 11:08,historical-state,item_8c66eadeae6a7abc,,hybrid_author_adjudicated,stable_model_assisted,
locomo,conv-41_qa004,When did John join the online support group?,The week before 1 January 2023,2023/08/16 (Wed) 11:08,historical-state,fact_db5ae59dae3b7b7b;item_97a6a1b39b40c1b6,,hybrid_author_adjudicated,author_custom,These duplicate facts directly date joining the service-focused group; the August military group is a different group.
locomo,conv-41_qa005,When did Maria go to the beach?,December 2022,2023/08/16 (Wed) 11:08,historical-state,item_ca6c8520281a89bd;fact_ade860b7279df896,,hybrid_author_adjudicated,stable_model_assisted,
locomo,conv-41_qa010,When did Maria meet Jean?,"February 24, 2023",2023/08/16 (Wed) 11:08,historical-state,item_d69a649791411c23,,hybrid_author_adjudicated,stable_model_assisted,
locomo,conv-41_qa013,When did Maria's grandmother pass away?,The week before 6 March 2023,2023/08/16 (Wed) 11:08,historical-state,item_dbf29fe964900682,,hybrid_author_adjudicated,author_custom,Only the death fact directly supplies the requested week.
locomo,conv-41_qa016,When did John get his degree?,The week before 2 April 2023,2023/08/16 (Wed) 11:08,historical-state,item_67740a1328dc5473,item_1343b969599ceefe,hybrid_author_adjudicated,author_accepted_independent,The March graduation fact supports gold; the April 2 completion fact gives an incompatible date for the same degree event.
locomo,conv-41_qa020,When did John take a road trip to the Pacific Northwest?,2022,2023/08/16 (Wed) 11:08,historical-state,item_043154a720b5ce9e;item_a689f0ffa250393c;fact_15d95c357df85dee;fact_3cd0c005b2b9b9ae;item_95f57b7e8e14ed48,,hybrid_author_adjudicated,stable_model_assisted,
locomo,conv-41_qa022,When did John go to a convention with colleagues?,March 2023,2023/08/16 (Wed) 11:08,historical-state,item_1824e06c8a67e734,item_1b277ec4de693278,hybrid_author_adjudicated,stable_model_assisted,
locomo,conv-41_qa024,When did John start boot camp with his family?,April.2023,2023/08/16 (Wed) 11:08,historical-state,item_1180f1ecf32b4081,,hybrid_author_adjudicated,stable_model_assisted,
locomo,conv-41_qa031,When did John get his dog Max?,In 2013,2023/08/16 (Wed) 11:08,historical-state,item_b1ce8c8b17d762af;fact_243e2c33bec9cf63,item_d7f47516c318afa5;item_aa8df1a53c3af696;item_4d32ba70158ac049;fact_852ed0a3c3b7e423;fact_1bcb5dc59aa156f2;fact_2352ac5fb07f570c,hybrid_author_adjudicated,stable_model_assisted,
locomo,conv-41_qa034,When did Maria join a gym?,The week before 16 June 2023,2023/08/16 (Wed) 11:08,historical-state,item_67e126277e6f324a,,hybrid_author_adjudicated,author_accepted_independent,The selected fact directly dates joining the gym.
locomo,conv-41_qa038,When did Maria get in a car accident?,"July 2, 2023",2023/08/16 (Wed) 11:08,historical-state,item_f09a495786fcb9ed,item_43f244bded85a9d8;item_f7dedb2f912335c8,hybrid_author_adjudicated,stable_model_assisted,
locomo,conv-41_qa043,When was John's old area hit with a flood?,The week before 7 July 2023,2023/08/16 (Wed) 11:08,historical-state,item_15cb4d7b3fbe0bef;item_c16199d4dfdfbbf8,,hybrid_author_adjudicated,author_custom,Both facts directly describe the late-June flood; unrelated July context was removed.
locomo,conv-41_qa046,When did Maria go hiking with her church friends?,The weekend before 22 July 2023,2023/08/16 (Wed) 11:08,historical-state,item_d1e50655becacf9e,,hybrid_author_adjudicated,author_custom,This fact directly identifies the church-friends hike and its weekend.
locomo,conv-41_qa051,When did Maria start volunteering at the homeless shelter?,Around August 2022,2023/08/16 (Wed) 11:08,historical-state,item_5f110f4636c07319,item_6824d5eab4e48bc0;item_6a021cab884ac90e;item_b5d2b1c815a508cc,hybrid_author_adjudicated,stable_model_assisted,
locomo,conv-41_qa053,When did John help renovate his hometown community center?,2022,2023/08/16 (Wed) 11:08,historical-state,item_5fa8e6f69105cfcf,,hybrid_author_adjudicated,stable_model_assisted,
locomo,conv-41_qa054,When did Maria take up community work with her church friends?,"August 4, 2023",2023/08/16 (Wed) 11:08,historical-state,item_fe902866b5f0936b,item_5f110f4636c07319;item_e2c53ff9c4fef8a7,hybrid_author_adjudicated,stable_model_assisted,
locomo,conv-41_qa055,When did Maria receive a medal from the homeless shelter?,The week before 9 August 2023,2023/08/16 (Wed) 11:08,historical-state,item_935090788a914f72,,hybrid_author_adjudicated,author_custom,The medal fact directly supplies the event and week; the 5K fact concerns John.
locomo,conv-41_qa058,When did Maria get Coco?,Two weeks before 11 August 2023,2023/08/16 (Wed) 11:08,historical-state,item_df074c689240f684,,hybrid_author_adjudicated,author_custom,The puppy fact directly supplies the relative date.
locomo,conv-41_qa059,When did John go on a camping trip with Max?,The summer of 2022,2023/08/16 (Wed) 11:08,historical-state,item_4d32ba70158ac049;item_95f57b7e8e14ed48,,hybrid_author_adjudicated,stable_model_assisted,
locomo,conv-41_qa061,When did Maria adopt Shadow?,The week before 13 August 2023,2023/08/16 (Wed) 11:08,historical-state,item_43310e94cfd19e4b;item_f06308ffe2a5ffd8,,hybrid_author_adjudicated,author_custom,The adoption and naming/status facts together identify the adopted puppy as Shadow.
locomo,conv-41_qa063,How many weeks passed between Maria adopting Coco and Shadow?,two weeks,2023/08/16 (Wed) 11:08,duration,item_43310e94cfd19e4b;item_df074c689240f684,,hybrid_author_adjudicated,stable_model_assisted,
locomo,conv-41_qa091,What did John attend with his colleagues in March 2023?,a tech-for-good convention,2023/08/16 (Wed) 11:08,historical-state,item_1824e06c8a67e734,,hybrid_author_adjudicated,author_accepted_independent,The selected fact directly identifies the March event.
locomo,conv-42_qa002,"When did Joanna first watch ""Eternal Sunshine of the Spotless Mind?",2019,2022/11/11 (Fri) 00:06,historical-state,item_a3bf402e40c5bb00,,hybrid_author_adjudicated,author_accepted_independent,The selected fact directly states the first viewing and year.
locomo,conv-42_qa003,When did Nate win his first video game tournament?,"the week before 21Janury, 2022",2022/11/11 (Fri) 00:06,historical-state,item_3309413e089a29f3,,hybrid_author_adjudicated,author_custom,The fact explicitly identifies the first tournament; later tournaments are separate events.
locomo,conv-42_qa006,How long has Nate had his first two turtles?,three years,2022/11/11 (Fri) 00:06,duration,item_55afb666e2f0ec10;item_5d6907fbc1f172fd,item_4dc0b3a10adcfcbc;item_c8e902ac6cf35c57,hybrid_author_adjudicated,stable_model_assisted,
locomo,conv-42_qa007,When did Joanna finish her first screenplay?,"The Friday before 23January, 2022",2022/11/11 (Fri) 00:06,historical-state,item_0f68323eab9ea71d,,hybrid_author_adjudicated,author_custom,The fact explicitly dates completion of the first screenplay; later scripts are separate works.
locomo,conv-42_qa008,When did Nate get his first two turtles?,2019,2022/11/11 (Fri) 00:06,historical-state,item_55afb666e2f0ec10;item_5d6907fbc1f172fd,,hybrid_author_adjudicated,author_custom,The ownership and three-year-duration facts jointly support acquisition in 2019; later ownership observations are not conflicts.
locomo,conv-42_qa009,What major achievement did Joanna accomplish in January 2022?,finished her screenplay and printed it,2022/11/11 (Fri) 00:06,historical-state,item_0f68323eab9ea71d,,hybrid_author_adjudicated,author_custom,This fact directly states the January achievement; later screenplay events are separate.
locomo,conv-42_qa013,When did Joanna have an audition for a writing gig?,"23 March, 2022.",2022/11/11 (Fri) 00:06,historical-state,item_10e78a3d83ae66c5,,hybrid_author_adjudicated,stable_model_assisted,
locomo,conv-42_qa015,When did Nate get purple hair?,"The week before 15April, 2022.",2022/11/11 (Fri) 00:06,historical-state,fact_82865a71609e64b0;item_daba2d41bccd2c3a,fact_5b1265865c7f7e8d;fact_6a0d4376c14048fa;item_6b74a4caeb182fbc;item_dffa45f621638781,hybrid_author_adjudicated,author_custom,The April 8 facts match gold; the April 15 facts assign the same hair-dye event an incompatible date.
locomo,conv-42_qa016,What physical transformation did Nate undergo in April 2022?,dyed his hair purple,2022/11/11 (Fri) 00:06,historical-state,item_6b74a4caeb182fbc;item_daba2d41bccd2c3a;item_dffa45f621638781,,hybrid_author_adjudicated,author_accepted_independent,All selected facts directly describe the purple-hair transformation.
locomo,conv-42_qa017,"What movie did Joanna watch on 1 May, 2022?",Lord of the Rings,2022/11/11 (Fri) 00:06,historical-state,item_aa015f695ddd13ee,,hybrid_author_adjudicated,author_accepted_independent,The selected fact directly identifies the movie watched on May 1.
locomo,conv-42_qa026,When did Nate win his third tourney?,"The week before 3June, 2022",2022/11/11 (Fri) 00:06,historical-state,item_56edc3a93ad3bf7f,,hybrid_author_adjudicated,author_custom,The late-May win directly supplies the requested date; other candidate tournaments are separate events.
locomo,conv-42_qa029,When is Joanna going to make Nate's ice cream for her family?,"The weekend of 24June, 2022.",2022/11/11 (Fri) 00:06,historical-state,item_cbd82196539dc06c;item_d2f0a77ef667e5a1,item_ab7b883e0d2aef64;item_749cfc6f97a5bddc;item_5f46daca766f207f;item_a962452ac1562031;item_2eaad62cfcbab0cc;item_a8233be32d156dd5,hybrid_author_adjudicated,stable_model_assisted,
locomo,conv-42_qa033,When did someone write Joanna a touching letter?,"The week before 14August, 2022.",2022/11/11 (Fri) 00:06,historical-state,fact_a2c87ffb5235ac6f;item_2c89082b0195c7e9,,hybrid_author_adjudicated,author_custom,These duplicate facts directly describe the touching reader letter in the target week.
locomo,conv-42_qa041,When did Joanna make a chocolate tart with raspberries?,"5 October, 2022",2022/11/11 (Fri) 00:06,historical-state,item_0cefc708bc72f13f;fact_b24a147aa1d42fdd,item_fcdc46318367e43c;fact_153caaf980b06715;item_b915c0864b0ace6b;item_65b85455fc13c0e2;item_a0b5d80aa3621a53;fact_355d1dc418aabfcf,hybrid_author_adjudicated,stable_model_assisted,
locomo,conv-42_qa054,When was Joanna's second movie script shown on the big screens?,"The Sunday before 25October, 2022.",2022/11/11 (Fri) 00:06,historical-state,fact_06c8087343fc659f;item_031ed6195763195f,,hybrid_author_adjudicated,author_custom,The premiere facts directly supply October 23; later pitching and filming concern different scripts or stages.
locomo,conv-42_qa072,When did Joanna plan on going to Nate's to watch him play with his turtles?,"10 November, 2022",2022/11/11 (Fri) 00:06,historical-state,fact_b3430541edad1b07;item_71a33ed37392956a,fact_8569c035e7c8a106;item_9f1971d35919b607,hybrid_author_adjudicated,author_custom,The November 10 arrival facts support gold; the November 5 visit plan is a competing date for the same planned visit.
locomo,conv-43_qa039,What year did Tim go to the Smoky Mountains?,2022,2024/01/12 (Fri) 13:41,historical-state,item_6b6854e1c200ce0e,,hybrid_author_adjudicated,stable_model_assisted,
locomo,conv-43_qa046,Where was Tim in the week before 16 November 2023?,UK,2024/01/12 (Fri) 13:41,historical-state,fact_f0189a26f7bbbb54;item_283dd1b56103e11d,,hybrid_author_adjudicated,author_custom,The castle-trip facts directly locate Tim in the UK; exam context is unrelated.
locomo,conv-43_qa047,When did John get married at a greenhouse?,last week of September 2023,2024/01/12 (Fri) 13:41,historical-state,item_696a45cf60711e08;item_699e3714e9cabf9b,item_eb7ebd4d827556e3;item_f51559466526d34e,hybrid_author_adjudicated,author_custom,Late-September facts support gold; October 2 facts give an incompatible date for the same greenhouse wedding.
locomo,conv-43_qa054,When did John take a trip to the Rocky Mountains?,2022,2024/01/12 (Fri) 13:41,historical-state,item_2a7a5239aee02d68,,hybrid_author_adjudicated,author_custom,Only this fact explicitly identifies John's Rocky Mountains trip in 2022.
locomo,conv-43_qa069,When will Tim leave for Ireland?,"February, 2024",2024/01/12 (Fri) 13:41,historical-state,item_0abcd095d346b5f4;fact_40044a3f0e79ccba,,hybrid_author_adjudicated,stable_model_assisted,
locomo,conv-44_qa005,When did Audrey see a hummingbird?,first week of May 2023,2023/11/22 (Wed) 09:02,historical-state,fact_12865f1a62ee1e01;item_20250916cfef723e,,hybrid_author_adjudicated,author_custom,The week beginning April 26 overlaps the first week of May and both duplicate facts describe the hummingbird sighting.
locomo,conv-44_qa010,When did Audrey's positive reinforcement training course for dogs take place?,"June, 2023",2023/11/22 (Wed) 09:02,historical-state,item_2790a25ffaa0bba5;item_be0e43befd30e96e,item_e27dfbcce8c24b68;item_e0a64cbaa45354a5;fact_48ade0de394e34d4;fact_1154d42659ecfaf4;fact_3450ea9aa0d7e50b;fact_6fe3b4383a0c5973,hybrid_author_adjudicated,stable_model_assisted,
locomo,conv-44_qa022,Where did Andrew go during the first weekend of August 2023?,camping with girlfriend,2023/11/22 (Wed) 09:02,historical-state,item_6dfe3e51afc3a0e3,,hybrid_author_adjudicated,author_custom,This fact directly describes the first-August-weekend camping plan.
locomo,conv-44_qa057,When did Andrew adopt Scout?,few days before November 2023,2023/11/22 (Wed) 09:02,historical-state,fact_864c6973e928913f;item_06544fb3ac130cd2;item_50112c0a4d691a0d,,hybrid_author_adjudicated,author_custom,The adoption fact supplies the date and the naming facts link the new puppy to Scout.
locomo,conv-47_qa021,When did John first organize a charity tournament with his friends?,"May 7, 2022",2022/11/07 (Mon) 20:57,historical-state,fact_4015b3d9e39f0db3;fact_4e070905e7e602c8;fact_7fa8f814f07cbbbd;fact_b28c4047dd1fd2ac;item_8f6f97b92f843875;item_cf0e459e7568403b;item_f221fdb4dbe62f4b,,hybrid_author_adjudicated,author_custom,May 7 event facts and May 8 charity-tournament facts jointly identify the event; October tournaments are separate.
locomo,conv-48_qa012,When did Deborah receive an appreciation letter from her community?,"January 26, 2023",2023/09/20 (Wed) 10:17,historical-state,item_6e42561de963c3b7;fact_a4c360014ede9af2,,hybrid_author_adjudicated,stable_model_assisted,
locomo,conv-48_qa031,When was the last photo of Deborah and Karlie taken?,in summer 2022,2023/09/20 (Wed) 10:17,historical-state,fact_bc5544c39fcdce09;item_6f8d1ac2d7ad38fd,,hybrid_author_adjudicated,author_custom,Both facts explicitly identify the last Deborah-Karlie photo and its season; an undated motorcycle photo is not a conflict.
locomo,conv-48_qa050,Which year did Jolene start practicing yoga?,2020,2023/09/20 (Wed) 10:17,historical-state,item_e90daf17dd99a0a3;item_dcb04c417a082cf9;item_3152fc9e45aad5f6;fact_a9dd832c9886236d;fact_756a07b372d6f2a6,item_143d9b60a2546add;item_747082faf304019a;item_e9d8d60e95227f3a;fact_8efd66659fcff64f;item_c93347b1d75fece6,hybrid_author_adjudicated,stable_model_assisted,
locomo,conv-48_qa052,When did Jolene lose a lot of progress in her work?,last week of July 2023,2023/09/20 (Wed) 10:17,historical-state,fact_93d73d6678a649b0;item_0c518202b8da6e32,,hybrid_author_adjudicated,author_accepted_independent,Both duplicate facts directly date the project setback.
locomo,conv-48_qa055,Which pet did Jolene adopt more recently - Susie or Seraphim?,Seraphim,2023/09/20 (Wed) 10:17,current-vs-old,item_297a4f8724b53855;item_8f0793dcd3d69d7e;fact_9f2410c4892794fd;item_0a84efd393b070d8;item_a1f65e3a606f4e79,item_e7dca52b1894dd6e;item_a682f7d0f8423e38;fact_4d4cb8f7a57d5636;fact_fc2e36b36bf7526d;fact_9e1250c7543ff0c2;fact_b05c983b53e88bfd,hybrid_author_adjudicated,stable_model_assisted,
locomo,conv-48_qa065,Which country was Jolene located in during the last week of August 2023?,Brazil,2023/09/20 (Wed) 10:17,historical-state,fact_6a18a39cee41db6c;fact_7bb225a520060b08;item_c1df0a96235d9219,,hybrid_author_adjudicated,author_custom,Rio de Janeiro facts directly locate Jolene in Brazil during the target week; later beach activity is not a conflict.
locomo,conv-48_qa071,When did Deborah go to a community meetup?,last week of August 2023,2023/09/20 (Wed) 10:17,historical-state,fact_470bcaabccd8c911;item_1567748661347925,,hybrid_author_adjudicated,author_accepted_independent,Both duplicate facts directly date the community meetup.
locomo,conv-49_qa023,When did Sam start working out at the gym?,"July 28, 2023",2024/01/11 (Thu) 21:37,historical-state,item_e6c8d3d9c9392b01;item_aa46c9c520b63c70;fact_f0c92b91a0c798fc;fact_a09ee77da278a46b,,hybrid_author_adjudicated,stable_model_assisted,
locomo,conv-49_qa053,When did Evan and Sam decide to paint together?,"Saturday after 11 September, 2023.",2024/01/11 (Thu) 21:37,historical-state,fact_45f1ad7c38dd3df9;item_67f57b469a8009ce,,hybrid_author_adjudicated,author_custom,These facts directly date the joint painting plan; other planned activities are unrelated.
locomo,conv-49_qa066,When did Evan lose his job?,end of October 2023,2024/01/11 (Thu) 21:37,historical-state,item_08c4c5dbf2c471a9;fact_5d6192def49cae08,,hybrid_author_adjudicated,stable_model_assisted,
locomo,conv-49_qa073,When is Evan planning a big family reunion?,Summer 2024,2024/01/11 (Thu) 21:37,historical-state,item_125801f941ed9671;item_e1a4465c03999bf3,,hybrid_author_adjudicated,stable_model_assisted,
locomo,conv-49_qa079,When will Evan and his partner have their honeymoon in Canada?,February 2024,2024/01/11 (Thu) 21:37,historical-state,item_0ca4ad5669685c74,item_ea0c4f8e34dda4e0;fact_3e00161798f5aa01,hybrid_author_adjudicated,stable_model_assisted,
locomo,conv-50_qa000,When did Calvin first travel to Tokyo?,between 26 March and 20 April 2023,2023/11/17 (Fri) 10:54,ordering,fact_1aa34e8a403bb43c;fact_81c83e470409d2c8;item_06ebc10e23dffaa2;item_6704b5bad178e78b;item_6b435ac046473fc9;item_dcc5f6fcdd491b77,,hybrid_author_adjudicated,author_custom,"No-prior-visit, travel-plan, and April Tokyo-attendance facts jointly bound the first trip; later trips are not conflicts."
locomo,conv-50_qa012,When was Calvin's concert in Tokyo?,last week of May 2023,2023/11/17 (Fri) 10:54,historical-state,fact_8654745cf55b5b51;fact_9344cf356c0dba8e;item_59e2e61cee710cd7;item_753a93cc9c7453c3;item_76a1e436e07e4ada,,hybrid_author_adjudicated,author_custom,May performance and May 31 retrospective facts support the late-May concert; August and October concerts are separate.
locomo,conv-50_qa035,When did Calvin book flight tickets to Boston?,last week of August 2023,2023/11/17 (Fri) 10:54,historical-state,fact_1f55966869949de2;item_e1741b2cde4c4e29,,hybrid_author_adjudicated,author_custom,These duplicate facts directly date the Boston booking; general travel plans are context only.
locomo,conv-50_qa038,When did Dave have a great jam session with his band?,"September 14, 2023",2023/11/17 (Fri) 10:54,historical-state,item_800b9221ad8e12b5;item_845875128c8a3d79;item_c140c7dbc481df2b;fact_8d04f26000864cef;fact_2e55e9be183aed3f;item_c7ca78044d5b9a81,,hybrid_author_adjudicated,stable_model_assisted,
locomo,conv-50_qa048,What was Dave doing in the first weekend of October 2023?,attending a car show,2023/11/17 (Fri) 10:54,historical-state,item_3a6bf5de63a3317b;item_67bc09c30e80c65e,,hybrid_author_adjudicated,author_custom,The October 6-8 show facts directly support the first-weekend activity; the later car project is unrelated.
locomo,conv-50_qa050,When did Calvin buy his second Ferrari?,first week of October 2023,2023/11/17 (Fri) 10:54,historical-state,fact_d36c122562d31f8d;item_3f3582cc5cb33561;item_7ed6a8002f80ee81,,hybrid_author_adjudicated,author_custom,The purchase-week fact and ownership observations jointly identify the second Ferrari purchase.
locomo,conv-50_qa052,When did Calvin plan on travelling to Tokyo the second time?,November 2023,2023/11/17 (Fri) 10:54,historical-state,item_8a14c086702caef1;item_82522e68282faf2f;fact_5dfe6a0da15b5ef3;fact_fdcadf9593e7e243,,hybrid_author_adjudicated,stable_model_assisted,
locomo,conv-50_qa068,When did Dave find the car he repaired and started sharing in his blog?,last week of October 2023,2023/11/17 (Fri) 10:54,historical-state,fact_3c32458285703c70;item_a77da0752f257680;item_79aa6172b1f3e7db,,hybrid_author_adjudicated,author_custom,The find-date facts and the subsequent blog post identify the repaired/blogged car; older restorations are different cars.
longmemeval,08f4fc43,How many days had passed between the Sunday mass at St. Mary's Church and the Ash Wednesday service at the cathedral?,30 days. 31 days (including the last day) is also acceptable.,2023/02/20 (Mon) 21:26,duration,fact_044a9e0d59a788d0;fact_25a8c77e48101365,,hybrid_author_adjudicated,stable_model_assisted,
longmemeval,0bb5a684,How many days before the team meeting I was preparing for did I attend the workshop on 'Effective Communication in the Workplace'?,7 days. 8 days (including the last day) is also acceptable.,2023/01/13 (Fri) 12:09,duration,fact_36669fff8f16939a;fact_d77d5c27cfec1c61,,hybrid_author_adjudicated,stable_model_assisted,
longmemeval,0bc8ad92,How many months have passed since I last visited a museum with a friend?,5,2023/03/25 (Sat) 17:18,duration,fact_2ec86adc81112689,,hybrid_author_adjudicated,stable_model_assisted,
longmemeval,0bc8ad93,I mentioned visiting a museum two months ago. Did I visit with a friend or not?,"No, you did not visit with a friend.",2023/03/11 (Sat) 05:28,historical-state,fact_a43627f48ad5c662;fact_3b9db1d3225e5238,,hybrid_author_adjudicated,stable_model_assisted,
longmemeval,0db4c65d,"How many days had passed since I finished reading 'The Seven Husbands of Evelyn Hugo' when I attended the book reading event at the local library, where the author of 'The Silent Patient' is discussing her latest thriller novel?",18 days. 19 days (including the last day) is also acceptable.,2023/02/10 (Fri) 18:44,duration,fact_6a244a80b89b3ba3;fact_a0f85f71f2f93105,,hybrid_author_adjudicated,stable_model_assisted,
longmemeval,2a1811e2,How many days had passed between the Hindu festival of Holi and the Sunday mass at St. Mary's Church?,21 days. 22 days (including the last day) is also acceptable.,2023/03/26 (Sun) 12:05,duration,fact_ae6e2f18777898f2;fact_e5ba46f388737e8c,fact_78be28ca3efdd20e,hybrid_author_adjudicated,stable_model_assisted,
longmemeval,2c63a862,How many days did it take for me to find a house I loved after starting to work with Rachel?,14 days. 15 days (including the last day) is also acceptable.,2022/03/02 (Wed) 10:19,duration,fact_40244b5e2b8c33d5;fact_a97d9acbb14f1543;fact_eec751a7fac77167,,hybrid_author_adjudicated,stable_model_assisted,
longmemeval,2ebe6c90,How many days did it take me to finish 'The Nightingale' by Kristin Hannah?,21 days. 22 days (including the last day) is also acceptable.,2023/05/01 (Mon) 21:05,duration,fact_1fc3aad7f3915a3f;fact_d8dc4816ba01cdea,,hybrid_author_adjudicated,stable_model_assisted,
longmemeval,2ebe6c92,Which book did I finish a week ago?,'The Nightingale' by Kristin Hannah,2023/02/07 (Tue) 09:09,historical-state,fact_087c1c39abab8bf0;fact_5fde387b7ede0f36,,hybrid_author_adjudicated,stable_model_assisted,
longmemeval,370a8ff4,How many weeks had passed since I recovered from the flu when I went on my 10th jog outdoors?,15,2023/10/15 (Sun) 17:53,duration,fact_047d801e53ad7dc3;fact_0a76684f71337d8b,,hybrid_author_adjudicated,stable_model_assisted,
longmemeval,4dfccbf7,How many days had passed since I started taking ukulele lessons when I decided to take my acoustic guitar to the guitar tech for servicing?,24 days. 25 days (including the last day) is also acceptable.,2023/04/01 (Sat) 00:42,duration,fact_2b782f0113b35dd1;fact_89590795466a8c7a,,hybrid_author_adjudicated,stable_model_assisted,
longmemeval,4dfccbf8,What did I do with Rachel on the Wednesday two months ago?,I started taking ukulele lessons with Rachel.,2023/04/01 (Sat) 16:08,historical-state,fact_21f8de322312f64f,,hybrid_author_adjudicated,stable_model_assisted,
longmemeval,5e1b23de,How many months ago did I attend the photography workshop?,3,2024/02/01 (Thu) 18:06,duration,fact_d98c50b0ccc7e558,,hybrid_author_adjudicated,stable_model_assisted,
longmemeval,6e984301,How many weeks have I been taking sculpting classes when I invested in my own set of sculpting tools?,3,2023/04/01 (Sat) 18:55,duration,fact_0014f6ab24693fe4;fact_6cedbb2c9ff14dcb;fact_e83061f9dab1fc15,,hybrid_author_adjudicated,stable_model_assisted,
longmemeval,6e984302,I mentioned an investment for a competition four weeks ago? What did I buy?,I got my own set of sculpting tools.,2023/04/01 (Sat) 08:30,historical-state,fact_7616972783ed79da;fact_f39cb5775232ec0b,,hybrid_author_adjudicated,stable_model_assisted,
longmemeval,71017276,How many weeks ago did I meet up with my aunt and receive the crystal chandelier?,4,2023/04/01 (Sat) 08:09,duration,fact_076c532450186d30,,hybrid_author_adjudicated,stable_model_assisted,
longmemeval,71017277,I received a piece of jewelry last Saturday from whom?,my aunt,2023/03/09 (Thu) 15:47,current-vs-old,fact_82661c6a6100d257,,hybrid_author_adjudicated,stable_model_assisted,
longmemeval,8077ef71,How many days ago did I attend a networking event?,26 days. 27 days (including the last day) is also acceptable.,2022/04/04 (Mon) 21:03,duration,fact_dc82dc7bded06c93,,hybrid_author_adjudicated,stable_model_assisted,
longmemeval,9a707b81,How many days ago did I attend a baking class at a local culinary school when I made my friend's birthday cake?,21 days. 22 days (including the last day) is also acceptable.,2022/04/15 (Fri) 18:46,duration,fact_17ca620f01a619a3;fact_d3bcd992dd59fc0b,,hybrid_author_adjudicated,stable_model_assisted,
longmemeval,9a707b82,I mentioned cooking something for my friend a couple of days ago. What was it?,a chocolate cake,2022/04/12 (Tue) 22:57,historical-state,fact_fdcb454df7baf939,,hybrid_author_adjudicated,stable_model_assisted,
longmemeval,a3838d2b,How many charity events did I participate in before the 'Run for the Cure' event?,4,2023/11/29 (Wed) 03:31,ordering,fact_019c005408847b84;fact_04870fd71783d9c6;fact_066081dbd899c649;fact_5f86c6fa63ca2b05;fact_6a1d25fd432872c1;fact_bfe587d2bef77bdc;fact_c259bdb14baaf420;fact_d9a8777389f00767,,hybrid_author_adjudicated,author_accepted_independent,The selected facts cover the four distinct prior charity events and the Run for the Cure cutoff event.
longmemeval,af082822,How many weeks ago did I attend the friends and family sale at Nordstrom?,2,2022/12/01 (Thu) 21:26,duration,fact_8814979b8de92b34,,hybrid_author_adjudicated,stable_model_assisted,
longmemeval,b46e15ed,"How many months have passed since I participated in two charity events in a row, on consecutive days?",2,2023/04/18 (Tue) 03:31,duration,fact_e385a538ba7aff94;fact_eada097a033a41f8,,hybrid_author_adjudicated,stable_model_assisted,
longmemeval,b46e15ee,What charity event did I participate in a month ago?,the 'Walk for Hunger' charity event,2023/04/18 (Tue) 18:34,historical-state,fact_5d24078af6c6fa31,fact_0950851778226d49;fact_17daa4039983311f;fact_4a5a66dcb559b734;fact_67f9a257cf7306f5;fact_bca64f6730143312,hybrid_author_adjudicated,stable_model_assisted,
longmemeval,b9cfe692,How long did I take to finish 'The Seven Husbands of Evelyn Hugo' and 'The Nightingale' combined?,5.5 weeks,2023/05/24 (Wed) 08:08,duration,fact_17248ef5570900d3;fact_574901b2f3852092;fact_7daf43a311fae38d,,hybrid_author_adjudicated,stable_model_assisted,
longmemeval,bbf86515,How many days before the 'Rack Fest' did I participate in the 'Turbocharged Tuesdays' event?,4 days.,2023/06/28 (Wed) 22:12,duration,fact_e19b9ca10e53a633;fact_e6519be5c694e21b,fact_1d9e544b913fc832;fact_a2c8b35f390c541e,hybrid_author_adjudicated,stable_model_assisted,
longmemeval,bcbe585f,How many weeks ago did I attend a bird watching workshop at the local Audubon society?,4,2023/05/01 (Mon) 23:16,duration,fact_3a15c1cb5161e54c,,hybrid_author_adjudicated,stable_model_assisted,
longmemeval,c8090214,How many days before I bought the iPhone 13 Pro did I attend the Holiday Market?,7 days. 8 days (including the last day) is also acceptable.,2023/12/10 (Sun) 17:17,duration,fact_ef8073331a4f865b;fact_f0530a869d95759a,,hybrid_author_adjudicated,stable_model_assisted,
longmemeval,c9f37c46,How long had I been watching stand-up comedy specials regularly when I attended the open mic night at the local comedy club?,2 months,2023/05/20 (Sat) 00:44,duration,fact_2787dbf13d83478d;fact_29e6c7181f588ecf;fact_aa49955393aa81a9,,hybrid_author_adjudicated,stable_model_assisted,
longmemeval,e4e14d04,How long had I been a member of 'Book Lovers Unite' when I attended the meetup?,Two weeks,2023/05/28 (Sun) 15:46,duration,fact_345e50ab3dfcd7a0;fact_79e1ec8bc1710ae4,,hybrid_author_adjudicated,stable_model_assisted,
longmemeval,eac54adc,How many days ago did I launch my website when I signed a contract with my first client?,19 days ago. 20 days (including the last day) is also acceptable.,2023/03/25 (Sat) 19:57,duration,fact_8f3abb0346086402;fact_f0b28174433c1521,,hybrid_author_adjudicated,stable_model_assisted,
longmemeval,eac54add,What was the significant buisiness milestone I mentioned four weeks ago?,I signed a contract with my first client.,2023/03/28 (Tue) 20:35,historical-state,fact_0b27bbaec269c8f1,,hybrid_author_adjudicated,author_accepted_independent,The selected fact directly states the milestone and relative time.
longmemeval,f0853d11,How many days had passed between the 'Walk for Hunger' event and the 'Coastal Cleanup' event?,14 days. 8 days (including the last day) is also acceptable.,2023/03/14 (Tue) 21:24,duration,fact_2304a8344a588d6a;fact_e60fe0cebf9dd8e7,,hybrid_author_adjudicated,stable_model_assisted,
longmemeval,gpt4_0b2f1d21,"Which event happened first, the purchase of the coffee maker or the malfunction of the stand mixer?",The malfunction of the stand mixer,2023/05/25 (Thu) 09:31,ordering,fact_61bf50e414d23651;fact_67ac88e6a6b21541,,hybrid_author_adjudicated,stable_model_assisted,
longmemeval,gpt4_18c2b244,"What is the order of the three events: 'I signed up for the rewards program at ShopRite', 'I used a Buy One Get One Free coupon on Luvs diapers at Walmart', and 'I redeemed $12 cashback for a $10 Amazon gift card from Ibotta'?","First, I used a Buy One Get One Free coupon on Luvs diapers at Walmart. Then, I redeemed $12 cashback for a $10 Amazon gift card from Ibotta. Finally, I signed up for the rewards program at ShopRite.",2023/05/10 (Wed) 21:38,ordering,fact_1fbfb84ea085676b;fact_666ecfc477321cc5;fact_9c1a9c3a93e8103e,,hybrid_author_adjudicated,stable_model_assisted,
longmemeval,gpt4_1916e0ea,How many days passed between the day I cancelled my FarmFresh subscription and the day I did my online grocery shopping from Instacart?,54 days. 55 days (including the last day) is also acceptable.,2023/03/18 (Sat) 00:06,duration,fact_789b2f632748a4a1;fact_84f859ec7b4fb0c2,,hybrid_author_adjudicated,stable_model_assisted,
longmemeval,gpt4_1d4ab0c9,How many days passed between the day I started watering my herb garden and the day I harvested my first batch of fresh herbs?,24 days. 25 days (including the last day) is also acceptable.,2023/04/18 (Tue) 10:43,duration,fact_6ae940ee541c0610;fact_e90bef4ae29f4382,,hybrid_author_adjudicated,stable_model_assisted,
longmemeval,gpt4_1d80365e,How many days did I spend on my solo camping trip to Yosemite National Park?,2 days. 3 days (including the last day) is also acceptable.,2023/06/01 (Thu) 17:17,duration,fact_a5e69a1b8a54075b;fact_e8676bb12926df4c,,hybrid_author_adjudicated,stable_model_assisted,
longmemeval,gpt4_1e4a8aeb,How many days passed between the day I attended the gardening workshop and the day I planted the tomato saplings?,6 days. 7 days (including the last day) is also acceptable.,2023/05/08 (Mon) 06:05,duration,fact_5b5fe9ef94b2e248;fact_86ece7aafe2e2da6,,hybrid_author_adjudicated,stable_model_assisted,
longmemeval,gpt4_1e4a8aec,What gardening-related activity did I do two weeks ago?,planting 12 new tomato saplings,2023/05/05 (Fri) 16:42,historical-state,fact_991e20e592665cd4,,hybrid_author_adjudicated,stable_model_assisted,
longmemeval,gpt4_21adecb5,How many months passed between the completion of my undergraduate degree and the submission of my master's thesis?,6 months,2023/07/01 (Sat) 08:16,duration,fact_2dea8fc8a4f2ce18;fact_ce7856f8627cb400,,hybrid_author_adjudicated,stable_model_assisted,
longmemeval,gpt4_2312f94c,"Which device did I got first, the Samsung Galaxy S22 or the Dell XPS 13?",Samsung Galaxy S22,2023/03/15 (Wed) 04:45,ordering,fact_21a8d0e00919a0a2;fact_93f9ed7719161e0f,,hybrid_author_adjudicated,stable_model_assisted,
longmemeval,gpt4_2487a7cb,"Which event did I attend first, the 'Effective Time Management' workshop or the 'Data Analysis using Python' webinar?",'Data Analysis using Python' webinar,2023/05/24 (Wed) 08:02,ordering,fact_07df59ded65e2de5;fact_c6d84824a33f0c38,,hybrid_author_adjudicated,stable_model_assisted,
longmemeval,gpt4_2655b836,What was the first issue I had with my new car after its first service?,GPS system not functioning correctly,2023/04/10 (Mon) 10:15,ordering,fact_0340ea761b441048;fact_43582525cf6a8a65;fact_480c22941cd93b91,,hybrid_author_adjudicated,author_custom,The first-service date and subsequent GPS malfunction/replacement establish the first post-service issue.
longmemeval,gpt4_2c50253f,What time do I wake up on Tuesdays and Thursdays?,6:45 AM,2023/05/27 (Sat) 19:21,current-vs-old,fact_40152d019722a048;fact_d717312366361792,fact_113a1d73374b0311,hybrid_author_adjudicated,author_accepted_independent,The 7:00 routine plus the 15-minute Tuesday/Thursday shift yields 6:45; 8:30 is the replaced prior state.
longmemeval,gpt4_2d58bcd6,"Which book did I finish reading first, 'The Hate U Give' or 'The Nightingale'?",'The Hate U Give',2023/05/30 (Tue) 22:18,ordering,fact_67104980927845c4;fact_cd4bfb1650dd2589,,hybrid_author_adjudicated,stable_model_assisted,
longmemeval,gpt4_2f56ae70,Which streaming service did I start using most recently?,Disney+,2023/05/26 (Fri) 00:18,current-vs-old,fact_b3631445f4f1fcfd;fact_97cdd3337dcfbef0;fact_e6e2060f2598e0bb;fact_b89074f5ca5baacb,,hybrid_author_adjudicated,author_custom,Disney+ began in April; the Apple TV+ and six-month service facts establish that the alternatives started earlier.
longmemeval,gpt4_2f584639,"Which gift did I buy first, the necklace for my sister or the photo album for my mom?",the photo album for my mom,2023/05/30 (Tue) 07:03,ordering,fact_f05b6a030d18c096;fact_8a6e34d3949a3e7f,,hybrid_author_adjudicated,author_custom,"The photo album was ordered May 16 and the necklace was purchased later, around May 23."
longmemeval,gpt4_385a5000,"Which seeds were started first, the tomatoes or the marigolds?",Tomatoes,2023/03/10 (Fri) 15:30,ordering,fact_1188653ee66c783b;fact_639071a642eb30e1,,hybrid_author_adjudicated,stable_model_assisted,
longmemeval,gpt4_45189cb4,What is the order of the sports events I watched in January?,"First, I attended a NBA game at the Staples Center, then I watched the College Football National Championship game, and finally, I watched the NFL playoffs.",2023/01/30 (Mon) 01:53,ordering,fact_08d1031fe2540e05;fact_815f574d056cd700;fact_c321ec22d6ef5d80,,hybrid_author_adjudicated,stable_model_assisted,
longmemeval,gpt4_468eb063,How many days ago did I meet Emma?,9 days ago. 10 days (including the last day) is also acceptable.,2023/04/20 (Thu) 10:12,duration,fact_f8b84b11ddf47e3b,,hybrid_author_adjudicated,stable_model_assisted,
longmemeval,gpt4_468eb064,Who did I meet with during the lunch last Tuesday?,Emma,2023/04/18 (Tue) 16:50,historical-state,fact_6533ed807a464697,,hybrid_author_adjudicated,author_accepted_independent,The selected fact directly identifies Emma as the lunch companion.
longmemeval,gpt4_483dd43c,"Which show did I start watching first, 'The Crown' or 'Game of Thrones'?",'Game of Thrones',2023/05/29 (Mon) 08:33,ordering,fact_30e0d0d21f2700c3;fact_814805f35cccd2b2;fact_c4bf43011bc31c84,,hybrid_author_adjudicated,stable_model_assisted,
longmemeval,gpt4_4929293a,"Which event happened first, my cousin's wedding or Michael's engagement party?",Michael's engagement party,2023/10/01 (Sun) 07:41,ordering,fact_1dc90fecca71cb6d;fact_535fc3d9894a9199,,hybrid_author_adjudicated,stable_model_assisted,
longmemeval,gpt4_4929293b,What was the the life event of one of my relatives that I participated in a week ago?,my cousin's wedding,2023/06/22 (Thu) 18:33,historical-state,fact_4b1ccffe34108407,,hybrid_author_adjudicated,stable_model_assisted,
longmemeval,gpt4_4edbafa2,What was the date on which I attended the first BBQ event in June?,June 3rd,2023/07/01 (Sat) 02:36,ordering,fact_5660f9c09a3bd87c;fact_7c2003672c1a28dd;fact_fb6c608a043a50b2;fact_fd45b8e78ef46060,,hybrid_author_adjudicated,author_accepted_proposed,All four June BBQ facts are needed to identify June 3 as the first event in temporal order.
longmemeval,gpt4_4ef30696,How many days passed between the day I finished reading 'The Nightingale' and the day I started reading 'The Hitchhiker's Guide to the Galaxy'?,1 day. 2 days (including the last day) is also acceptable.,2022/05/01 (Sun) 04:58,duration,fact_0808f0e204baf079;fact_ca6c2cd4660ad6e0,,hybrid_author_adjudicated,stable_model_assisted,
longmemeval,gpt4_4fc4f797,How many days passed between the day I received feedback about my car's suspension and the day I tested my new suspension setup?,38 days. 39 days (including the last day) is also acceptable.,2023/06/01 (Thu) 21:22,duration,fact_156c5fa43d6c69bd;fact_63ef813829d1b13e,,hybrid_author_adjudicated,stable_model_assisted,
longmemeval,gpt4_59149c77,How many days passed between my visit to the Museum of Modern Art (MoMA) and the 'Ancient Civilizations' exhibit at the Metropolitan Museum of Art?,7 days. 8 days (including the last day) is also acceptable.,2023/02/01 (Wed) 10:20,duration,fact_0cdd29a0729a006a;fact_72c1ec98d8fc565c,,hybrid_author_adjudicated,stable_model_assisted,
longmemeval,gpt4_59149c78,I mentioned that I participated in an art-related event two weeks ago. Where was that event held at?,The Metropolitan Museum of Art.,2023/02/01 (Wed) 08:41,historical-state,fact_21f1c6da23d19155;fact_ba1bad5a449e7e87;fact_0e4fecefaf12e104;fact_17444f0fd0e881cc;fact_390f696832a0202c,,hybrid_author_adjudicated,stable_model_assisted,
longmemeval,gpt4_5dcc0aab,Which pair of shoes did I clean last month?,white Adidas sneakers,2023/05/24 (Wed) 09:14,historical-state,fact_cc9092549a8ae329,,hybrid_author_adjudicated,author_custom,This fact alone directly names the shoes and states they were cleaned in April.
longmemeval,gpt4_61e13b3c,How many weeks passed between the time I sold homemade baked goods at the Farmers' Market for the last time and the time I participated in the Spring Fling Market?,3 weeks,2023/04/01 (Sat) 00:57,duration,fact_85cc4a66caf805e7;fact_db2cab044c9bcd6a,,hybrid_author_adjudicated,stable_model_assisted,
longmemeval,gpt4_65aabe59,"Which device did I set up first, the smart thermostat or the mesh network system?",Smart thermostat,2023/05/25 (Thu) 11:29,ordering,fact_20f9b8a9666f288d;fact_45324ddecebda405;fact_aceaf92dab239290,,hybrid_author_adjudicated,stable_model_assisted,
longmemeval,gpt4_68e94287,"Which event happened first, my participation in the #PlankChallenge or my post about vegan chili recipe?",You posted a recipe for vegan chili on Instagram using the hashtag #FoodieAdventures first.,2023/04/12 (Wed) 12:00,ordering,fact_47cf1ca61c4c7682;fact_57661c2cb8bb48e7,,hybrid_author_adjudicated,stable_model_assisted,
longmemeval,gpt4_68e94288,What was the social media activity I participated 5 days ago?,You participated in a social media challenge called #PlankChallenge.,2023/03/20 (Mon) 11:50,historical-state,fact_a23632bb739d632b,,hybrid_author_adjudicated,stable_model_assisted,
longmemeval,gpt4_6dc9b45b,How many months ago did I attend the Seattle International Film Festival?,4 months ago,2021/10/02 (Sat) 03:56,duration,fact_67a0231b622f2577,,hybrid_author_adjudicated,stable_model_assisted,
longmemeval,gpt4_6ed717ea,"Which item did I purchase first, the dog bed for Max or the training pads for Luna?",Training pads for Luna,2023/05/29 (Mon) 08:51,ordering,fact_a35e8f4da895381c;fact_aad4df1207d2d0ca;fact_fc95267df94fb1fa;fact_553411ce9323c027,,hybrid_author_adjudicated,stable_model_assisted,
longmemeval,gpt4_70e84552,"Which task did I complete first, fixing the fence or trimming the goats' hooves?",Fixing the fence,2023/05/25 (Thu) 08:03,ordering,fact_644ad2dc7fe4b082;fact_fd1e86a91abbfc17,,hybrid_author_adjudicated,stable_model_assisted,
longmemeval,gpt4_74aed68e,How many days passed between the day I replaced my spark plugs and the day I participated in the Turbocharged Tuesdays auto racking event?,29 days. 30 days (including the last day) is also acceptable.,2023/04/01 (Sat) 21:42,duration,fact_1e3dd1bc962439ee;fact_3a062e9f88bfb6b1,fact_71d45840f43da02c,hybrid_author_adjudicated,stable_model_assisted,
longmemeval,gpt4_76048e76,"Which vehicle did I take care of first in February, the bike or the car?",bike,2023/03/10 (Fri) 03:39,ordering,fact_21874ab5528784e2;fact_c19b76505e267bf6,,hybrid_author_adjudicated,stable_model_assisted,
longmemeval,gpt4_7a0daae1,How many weeks passed between the day I bought my new tennis racket and the day I received it?,1 week,2023/04/15 (Sat) 22:38,duration,fact_02dc2812e8b7265a;fact_cde692de521db5a0,,hybrid_author_adjudicated,stable_model_assisted,
longmemeval,gpt4_7abb270c,What is the order of the six museums I visited from earliest to latest?,"Science Museum, Museum of Contemporary Art, Metropolitan Museum of Art, Museum of History, Modern Art Museum, Natural History Museum",2023/03/10 (Fri) 08:15,ordering,fact_3a4516eda0a97362;fact_3e7a0f5d9094a4bf;fact_5525456c44a56049;fact_b0d1ad530d09504b;fact_cc210c0794c7bc91;fact_d2d8991152520fb0,fact_10f4fe0757dd1ff7;fact_6d5b34e052f666ee;fact_deb106d04b8d164d;fact_fbddeadfe64a245d,hybrid_author_adjudicated,stable_model_assisted,
longmemeval,gpt4_7bc6cf22,How many days ago did I read the March 15th issue of The New Yorker?,12 days ago. 13 days (including the last day) is also acceptable.,2023/04/01 (Sat) 08:36,duration,fact_9a6659cf109fcca3,,hybrid_author_adjudicated,stable_model_assisted,
longmemeval,gpt4_7ca326fa,"Who graduated first, second and third among Emma, Rachel and Alex?","Emma graduated first, followed by Rachel and then Alex.",2022/08/20 (Sat) 21:47,ordering,fact_84bcccd6805cfe68;fact_5f9213a1a43ca46a;fact_7ea9df3d88a509c2,,hybrid_author_adjudicated,stable_model_assisted,
longmemeval,gpt4_7ddcf75f,How many days ago did I go on a whitewater rafting trip in the Oregon mountains?,3 days ago. 4 days (including the last day) is also acceptable.,2023/06/20 (Tue) 16:30,duration,fact_0c9844ad6e155c67,,hybrid_author_adjudicated,stable_model_assisted,
longmemeval,gpt4_7f6b06db,"What is the order of the three trips I took in the past three months, from earliest to latest?","I went on a day hike to Muir Woods National Monument with my family, then I went on a road trip with friends to Big Sur and Monterey, and finally I started my solo camping trip to Yosemite National Park.",2023/06/01 (Thu) 03:56,ordering,fact_9fd75623cf6bfbcf;fact_a7b585d546327c3e;fact_c51308a414819423,fact_85eb1367f2bf119f,hybrid_author_adjudicated,stable_model_assisted,
longmemeval,gpt4_8279ba02,How many days ago did I buy a smoker?,10 days ago. 11 days (including the last day) is also acceptable.,2023/03/25 (Sat) 02:46,duration,fact_a01ac97dfea1aad9,,hybrid_author_adjudicated,stable_model_assisted,
longmemeval,gpt4_8279ba03,What kitchen appliance did I buy 10 days ago?,a smoker,2023/03/25 (Sat) 18:26,historical-state,fact_cd6335bf6d8036bf,,hybrid_author_adjudicated,stable_model_assisted,
longmemeval,gpt4_85da3956,How many weeks ago did I attend the 'Summer Nights' festival at Universal Studios Hollywood?,3 weeks ago,2023/08/05 (Sat) 08:21,duration,fact_ce77b8e3339d3400,,hybrid_author_adjudicated,stable_model_assisted,
longmemeval,gpt4_8e165409,"How many days passed between the day I repotted the previous spider plant and the day I gave my neighbor, Mrs. Johnson, a few cuttings from my spider plant?",14 days. 15 days (including the last day) is also acceptable.,2023/03/26 (Sun) 15:53,duration,fact_88546275a3d52cde;fact_e602a0e26bad68ea,,hybrid_author_adjudicated,stable_model_assisted,
longmemeval,gpt4_93159ced,How long have I been working before I started my current job at NovaTech?,4 years and 9 months,2023/05/25 (Thu) 19:17,duration,fact_30b18369699cdac5;fact_5623d5b50fc178f2,,hybrid_author_adjudicated,stable_model_assisted,
longmemeval,gpt4_98f46fc6,"Which event did I participate in first, the charity gala or the charity bake sale?",I participated in the charity bake sale first.,2023/05/01 (Mon) 12:15,ordering,fact_05f661c249474450;fact_6baf2dde7c8508ee;fact_f829a6a20d58b9e5,,hybrid_author_adjudicated,stable_model_assisted,
longmemeval,gpt4_a1b77f9c,How many weeks in total do I spent on reading 'The Nightingale' and listening to 'Sapiens: A Brief History of Humankind' and 'The Power'?,"2 weeks for 'The Nightingale', 4 weeks for 'Sapiens: A Brief History of Humankind', and 2 weeks for 'The Power', so a total of 8 weeks.",2022/04/30 (Sat) 13:22,duration,fact_30a1b47cbb1b4683;fact_803ce40645609ba8;fact_9db4bfbb1dd2b734;fact_b2add9adae328acd;fact_bbf02a51fd8a266c;fact_c6ec3fdd50419bf5,,hybrid_author_adjudicated,stable_model_assisted,
longmemeval,gpt4_a2d1d1f6,How many days ago did I harvest my first batch of fresh herbs from the herb garden kit?,3 days ago. 4 days (including the last day) is also acceptable.,2023/04/18 (Tue) 01:48,duration,fact_cd07720e06977e41,,hybrid_author_adjudicated,stable_model_assisted,
longmemeval,gpt4_af6db32f,How many days ago did I watch the Super Bowl?,17 days ago. 18 days (including the last day) is also acceptable.,2023/03/01 (Wed) 19:28,duration,fact_3de06030c62a7ede,,hybrid_author_adjudicated,stable_model_assisted,
longmemeval,gpt4_b0863698,How many days ago did I participate in the 5K charity run?,7 days ago. 8 days (including the last day) is also acceptable.,2023/03/26 (Sun) 04:13,duration,fact_6b7557a9c357e496,fact_3642cca6834c1789,hybrid_author_adjudicated,stable_model_assisted,
longmemeval,gpt4_b4a80587,"Which event happened first, the road trip to the coast or the arrival of the new prime lens?",The arrival of the new prime lens,2023/05/23 (Tue) 04:05,ordering,fact_6a98b2664e6e53d7;fact_0d41988011de40c7;fact_100fe0c1cb83887b,,hybrid_author_adjudicated,stable_model_assisted,
longmemeval,gpt4_b5700ca0,Where did I attend the religious activity last week?,the Episcopal Church,2023/04/10 (Mon) 13:35,historical-state,fact_5753155e155bfb88,,hybrid_author_adjudicated,author_accepted_independent,The selected fact directly locates the religious activity at the Episcopal Church.
longmemeval,gpt4_b5700ca9,How many days ago did I attend the Maundy Thursday service at the Episcopal Church?,4 days.,2023/04/10 (Mon) 10:28,duration,fact_38142b6383a6fbb3,,hybrid_author_adjudicated,stable_model_assisted,
longmemeval,gpt4_d6585ce8,"What is the order of the concerts and musical events I attended in the past two months, starting from the earliest?","The order of the concerts I attended is: 1. Billie Eilish concert at the Wells Fargo Center in Philly, 2. Free outdoor concert series in the park, 3. Music festival in Brooklyn, 4. Jazz night at a local bar, 5. Queen + Adam Lambert concert at the Prudential Center in Newark, NJ.",2023/04/22 (Sat) 19:31,ordering,fact_0708cc9da96b9023;fact_753f99b5d8b2bd5c;fact_8aa3444555c48a48;fact_b428a39a7e6f3bbc;fact_cdb573a407ffea85,,hybrid_author_adjudicated,stable_model_assisted,
longmemeval,gpt4_d6585ce9,Who did I go with to the music event last Saturday?,my parents,2023/04/22 (Sat) 08:01,current-vs-old,fact_7a7f561ebd16ee45,fact_6ee069f297b09927;fact_78e97be6c7d9b492;fact_1382b2352009bf45;fact_19590f98defc8542,hybrid_author_adjudicated,stable_model_assisted,
longmemeval,gpt4_e061b84f,"What is the order of the three sports events I participated in during the past month, from earliest to latest?","I first completed the Spring Sprint Triathlon, then took part in the Midsummer 5K Run, and finally participated in the company's annual charity soccer tournament.",2023/07/01 (Sat) 20:43,ordering,fact_0d7cbd3496653494;fact_0f25212838f31029;fact_2d8a57e079a9d9dc,,hybrid_author_adjudicated,stable_model_assisted,
longmemeval,gpt4_e061b84g,I mentioned participating in a sports event two weeks ago. What was the event?,The company's annual charity soccer tournament.,2023/07/01 (Sat) 13:38,historical-state,fact_83818091d8df42be,,hybrid_author_adjudicated,stable_model_assisted,
longmemeval,gpt4_e072b769,How many weeks ago did I start using the cashback app 'Ibotta'?,3 weeks ago,2023/05/06 (Sat) 09:18,duration,fact_3fb0e4b373709653,,hybrid_author_adjudicated,stable_model_assisted,
longmemeval,gpt4_e414231e,How many days passed between the day I fixed my mountain bike and the day I decided to upgrade my road bike's pedals?,4 days. 5 days (including the last day) is also acceptable.,2023/04/10 (Mon) 20:29,duration,fact_67d787b52e537969;fact_7a75d309bc230a41,,hybrid_author_adjudicated,stable_model_assisted,
longmemeval,gpt4_ec93e27f,"Which mode of transport did I use most recently, a bus or a train?",train,2023/05/02 (Tue) 08:12,current-vs-old,fact_a1c7925413914498;fact_e41f16ef8ccfed8a;fact_540a6dc3c7b2a337;fact_eb0dd9804eb0d9b9,,hybrid_author_adjudicated,author_custom,The March 3 train ride is later than the documented January/February bus uses; train plans were removed.
longmemeval,gpt4_f420262c,What is the order of airlines I flew with from earliest to latest before today?,"JetBlue, Delta, United, American Airlines",2023/03/02 (Thu) 06:11,ordering,fact_0a539ad70c0200a5;fact_2637c426d3dbe961;fact_4e2aefd23ac17c58;fact_70a23fc2548e0b38,,hybrid_author_adjudicated,stable_model_assisted,
longmemeval,gpt4_f420262d,What was the airline that I flied with on Valentine's day?,American Airlines,2023/03/02 (Thu) 08:00,historical-state,fact_9b397ed7bdd1fc00,fact_531e32c612001feb;fact_80ab885129d65ebf,hybrid_author_adjudicated,stable_model_assisted,
longmemeval,gpt4_f49edff3,"Which three events happened in the order from first to last: the day I helped my friend prepare the nursery, the day I helped my cousin pick out stuff for her baby shower, and the day I ordered a customized phone case for my friend's birthday?","First, I helped my friend prepare the nursery, then I helped my cousin pick out stuff for her baby shower, and lastly, I ordered a customized phone case for my friend's birthday.",2023/03/22 (Wed) 21:49,ordering,fact_46454f79997360be;fact_db0636bfada1dc6a;fact_fbf8a4ab3c2c28c1,,hybrid_author_adjudicated,stable_model_assisted,
longmemeval,gpt4_fa19884c,How many days passed between the day I started playing along to my favorite songs on my old keyboard and the day I discovered a bluegrass band?,6 days. 7 days (including the last day) is also acceptable.,2023/04/05 (Wed) 09:11,duration,fact_2874cfc00dd5a8f9;fact_708ccd7b971caf61,,hybrid_author_adjudicated,stable_model_assisted,
longmemeval,gpt4_fa19884d,What is the artist that I started to listen to last Friday?,a bluegrass band that features a banjo player,2023/04/05 (Wed) 19:25,current-vs-old,fact_b0794466f8d3b712,fact_5b4226e6c4772ad7;fact_bc6dcacee4639f90;fact_2dca0f7fcffc2c2e,hybrid_author_adjudicated,stable_model_assisted,
