key,qid,cutoff,question_type,question,gold_answer,generated_answer,audit_group,selection_stratum,strict_label,public_label,qwen_adjudicated_label,qwen_preferred_judge,qwen_confidence,qwen_error_type,codex_independent_adjudicated_label,codex_independent_preferred_judge,adjudication_basis,stable_without_author_signoff,author_signoff_required,qwen_notes,author_adjudicated_label,author_preferred_judge,author_error_type,author_notes
1d4e3b97::k200,1d4e3b97,200,single-session-preference,I noticed my bike seems to be performing even better during my Sunday group rides. Could there be a reason for this?,"The user would prefer responses that reference specific details from their previous interactions, such as the replacement of the bike's chain and cassette, and the use of a new Garmin bike computer. They might prefer explanations that connect these details to the observed improvement in bike performance. The user may not prefer responses that fail to acknowledge these specific details or provide vague, general explanations for the improvement.",Chain and cassette replaced on February 1st.,agreement,k200|CORRECT|CORRECT|single-session-preference,CORRECT,CORRECT,WRONG,strict,high,missing_required_information,CORRECT,both,strict_public_agreement_plus_independent_review,False,True,"The generated answer only states that the chain and cassette were replaced on February 1st, which is a partial fact from the gold answer. However, it fails to address the other key details mentioned in the gold answer: the use of a new Garmin bike computer and the connection between these specific changes and the improved performance during Sunday group rides. The response does not explain how or why these changes might have led to better performance, nor does it acknowledge the user's preference for explanations linking the specific updates to the observed improvement. As such, it does not fully satisfy the request for a response that references all relevant details and connects them meaningfully to the performance improvement.",,,,
505af2f5::k200,505af2f5,200,single-session-preference,I was thinking of trying a new coffee creamer recipe. Any recommendations?,"The user would prefer responses that suggest variations on their existing almond milk, vanilla extract, and honey creamer recipe or new ideas that align with their goals of reducing sugar intake and saving money. They might not prefer responses that recommend commercial creamer products or recipes that are high in sugar or expensive.","Almond milk, vanilla, honey",agreement,k200|CORRECT|CORRECT|single-session-preference,CORRECT,CORRECT,WRONG,neither,high,missing_required_information,CORRECT,both,strict_public_agreement_plus_independent_review,False,True,"The generated answer only repeats the ingredients mentioned in the question (almond milk, vanilla, honey) without providing any recommendations, variations, or ideas that align with the user's goals of reducing sugar intake and saving money. It fails to offer new suggestions or modifications to the existing recipe, which is the core of the request. The gold answer explicitly requires responses that suggest variations or new ideas that meet the user's preferences, not just a restatement of the ingredients. Therefore, the answer is insufficient and does not fulfill the request.",,,,
8a2466db::k50,8a2466db,50,single-session-preference,Can you recommend some resources where I can learn more about video editing?,"The user would prefer responses that suggest resources specifically tailored to Adobe Premiere Pro, especially those that delve into its advanced settings. They might not prefer general video editing resources or resources related to other video editing software.",Adobe Premiere Pro tutorials,agreement,k50|CORRECT|CORRECT|single-session-preference,CORRECT,CORRECT,WRONG,strict,high,missing_required_information,CORRECT,both,strict_public_agreement_plus_independent_review,False,True,"The generated answer 'Adobe Premiere Pro tutorials' is too vague and does not provide specific resources as requested. The gold answer emphasizes the need for resources specifically tailored to Adobe Premiere Pro, especially those that delve into its advanced settings. The generated answer fails to name any actual resources (e.g., websites, courses, YouTube channels) and does not address the depth or specificity required. While it mentions the correct software, it does not fulfill the request for concrete, actionable recommendations.",,,,
a89d7624::k50,a89d7624,50,single-session-preference,I'm planning a trip to Denver soon. Any suggestions on what to do there?,"The user would prefer responses that take into account their previous experience in Denver, specifically their interest in live music and memorable encounter with Brandon Flowers. They might appreciate suggestions that revisit or build upon this experience, such as revisiting the same bar or exploring similar music venues in the area. The user may not prefer general tourist recommendations or activities unrelated to their interest in live music.",Visit Red Rocks Amphitheater for a concert and dine at The Ship Rock Grille with a view.,agreement,k50|CORRECT|CORRECT|single-session-preference,CORRECT,CORRECT,WRONG,strict,high,missing required information,CORRECT,both,strict_public_agreement_plus_independent_review,False,True,"The generated answer fails to address the user's specific preferences based on their previous experience in Denver, particularly their interest in live music and the memorable encounter with Brandon Flowers. While Red Rocks Amphitheater is a relevant music venue, the answer does not acknowledge or build upon the user's personal history, nor does it suggest revisiting the same bar or exploring similar music venues as implied by the gold answer. The response is too generic and lacks the personalized, experience-based recommendations requested. It does not demonstrate consideration of the user's prior experience, which is central to the gold answer's criteria.",,,,
06f04340::k200,06f04340,200,single-session-preference,What should I serve for dinner this weekend with my homegrown ingredients?,"The user would prefer dinner suggestions that incorporate their homegrown cherry tomatoes and herbs like basil and mint, highlighting recipes that showcase their garden produce. They might not prefer suggestions that do not utilize these specific ingredients or do not emphasize the use of homegrown elements.",Grilled chicken with fresh herbs and vegetables,disagreement,k200|WRONG|CORRECT|single-session-preference,WRONG,CORRECT,WRONG,strict,high,missing_required_information,WRONG,strict,prior_independent_disagreement_adjudication,False,True,"The generated answer fails to incorporate the specific homegrown ingredients mentioned in the gold answer—cherry tomatoes and herbs like basil and mint. While 'fresh herbs and vegetables' is semantically related, it does not explicitly reference the required ingredients, nor does it highlight recipes that showcase the user's garden produce. The answer is too generic and does not address the core request to prioritize homegrown cherry tomatoes and specific herbs. Therefore, it does not meet the requirement to provide the requested information with specificity.",,,,
54026fce::k200,54026fce,200,single-session-preference,I've been thinking about ways to stay connected with my colleagues. Any suggestions?,"The user would prefer responses that acknowledge their desire for social interaction and collaboration while working remotely, utilizing their previous experiences with company initiatives and team collaborations. They might prefer suggestions of virtual team-building activities, regular check-ins, or joining interest-based groups within the company. The user may not prefer generic suggestions that do not take into account their specific work situation or previous attempts at staying connected with colleagues.",Virtual coffee breaks,disagreement,k200|WRONG|CORRECT|single-session-preference,WRONG,CORRECT,WRONG,strict,high,missing_required_information,CORRECT,public,prior_independent_disagreement_adjudication,False,True,"The generated answer 'Virtual coffee breaks' is a single, generic suggestion that does not fully address the request. The gold answer specifies that the user prefers responses acknowledging their desire for social interaction and collaboration, leveraging past experiences with company initiatives and team collaborations. It also emphasizes the importance of tailored suggestions such as virtual team-building activities, regular check-ins, or joining interest-based groups—none of which are included in the generated answer. The response fails to provide the requested breadth of contextually relevant, personalized suggestions and instead offers only a partial, vague idea. Therefore, it is incorrect per the criteria.",,,,
d24813b1::k200,d24813b1,200,single-session-preference,I'm thinking of inviting my colleagues over for a small gathering. Any tips on what to bake?,"The user would prefer baking suggestions that take into account their previous success with the lemon poppyseed cake, such as variations of that recipe or other desserts that share similar qualities. They might prefer suggestions that balance impressiveness with manageability, considering their previous experience. The user may not prefer overly complex or unfamiliar recipes, or suggestions that do not build upon their existing baking experience.",Lemon lavender pound cake,disagreement,k200|WRONG|CORRECT|single-session-preference,WRONG,CORRECT,WRONG,strict,high,missing_required_information,CORRECT,public,prior_independent_disagreement_adjudication,False,True,"The generated answer provides only a single dessert suggestion ('Lemon lavender pound cake') without addressing the user's previous success with lemon poppyseed cake, nor does it consider the preference for recipes that balance impressiveness with manageability or build upon existing baking experience. It fails to offer variations of the known successful recipe or other desserts with similar qualities, and does not acknowledge the user's potential aversion to overly complex or unfamiliar recipes. The response is insufficient and does not meet the requirements of the gold answer, which emphasizes context-aware, experience-based suggestions.",,,,
06f04340::k50,06f04340,50,single-session-preference,What should I serve for dinner this weekend with my homegrown ingredients?,"The user would prefer dinner suggestions that incorporate their homegrown cherry tomatoes and herbs like basil and mint, highlighting recipes that showcase their garden produce. They might not prefer suggestions that do not utilize these specific ingredients or do not emphasize the use of homegrown elements.",Grilled chicken with fresh herbs and vegetables,disagreement,k50|WRONG|CORRECT|single-session-preference,WRONG,CORRECT,WRONG,strict,high,missing_required_information,WRONG,strict,prior_independent_disagreement_adjudication,False,True,"The generated answer fails to incorporate the specific homegrown ingredients mentioned in the gold answer—cherry tomatoes and herbs like basil and mint. While 'fresh herbs and vegetables' is vaguely related, it does not explicitly reference the user's homegrown cherry tomatoes or emphasize the use of garden produce. The answer is too generic and does not address the core request to highlight recipes that showcase the user's specific homegrown ingredients. This constitutes a failure to provide the requested information, despite semantically similar phrasing.",,,,
35a27287::k50,35a27287,50,single-session-preference,Can you recommend some interesting cultural events happening around me this weekend?,"The user would prefer responses that suggest cultural events where they can practice their language skills, particularly Spanish and French. They would also appreciate if the event has a focus on language learning resources. They would not prefer events that do not provide opportunities for language practice or cultural exchange.","Cultural dinner party, language exchange, cooking class",disagreement,k50|WRONG|CORRECT|single-session-preference,WRONG,CORRECT,WRONG,strict,high,missing_required_information,CORRECT,public,prior_independent_disagreement_adjudication,False,True,"The generated answer lists event types (cultural dinner party, language exchange, cooking class) but fails to provide specific, relevant cultural events happening around the user this weekend that align with the preference for language practice (Spanish and French) and language learning resources. It does not address the user's explicit request for events where they can practice language skills or engage in cultural exchange. The answer is too generic and does not meet the requirement to suggest actual events with the specified attributes. The gold answer emphasizes the need for language practice and learning resources, which the generated answer does not fulfill.",,,,
54026fce::k50,54026fce,50,single-session-preference,I've been thinking about ways to stay connected with my colleagues. Any suggestions?,"The user would prefer responses that acknowledge their desire for social interaction and collaboration while working remotely, utilizing their previous experiences with company initiatives and team collaborations. They might prefer suggestions of virtual team-building activities, regular check-ins, or joining interest-based groups within the company. The user may not prefer generic suggestions that do not take into account their specific work situation or previous attempts at staying connected with colleagues.",Virtual coffee breaks,disagreement,k50|WRONG|CORRECT|single-session-preference,WRONG,CORRECT,WRONG,strict,high,missing_required_information,CORRECT,public,prior_independent_disagreement_adjudication,False,True,"The generated answer 'Virtual coffee breaks' is a single, generic suggestion that does not fully address the request. The gold answer specifies that the user prefers responses acknowledging their desire for social interaction and collaboration, leveraging past experiences with company initiatives and team collaborations. It also emphasizes the importance of virtual team-building activities, regular check-ins, or joining interest-based groups—multiple, contextually relevant suggestions. The generated answer fails to provide the requested breadth of suggestions, lacks acknowledgment of the user's specific work situation or prior attempts, and does not reflect the nuanced preferences outlined in the gold answer. While 'virtual coffee breaks' is semantically related, it is insufficient and does not meet the requirement to provide the requested information beyond a single, isolated idea.",,,,
55241a1f::k50,55241a1f,50,multi-session,What is the total number of comments on my recent Facebook Live session and my most popular YouTube video?,33,"12 comments, 21 comments",disagreement,k50|WRONG|CORRECT|multi-session,WRONG,CORRECT,WRONG,strict,high,missing_required_information,WRONG,strict,prior_independent_disagreement_adjudication,False,True,"The generated answer provides two separate comment counts (12 and 21) but fails to provide the total number of comments, which is explicitly requested in the question. The gold answer is 33, which is the sum of 12 and 21, but the generated answer does not state this sum. Since the question asks for the total, merely listing the individual counts without combining them does not fulfill the request. The answer is therefore incorrect despite containing semantically relevant numbers.",,,,
d24813b1::k50,d24813b1,50,single-session-preference,I'm thinking of inviting my colleagues over for a small gathering. Any tips on what to bake?,"The user would prefer baking suggestions that take into account their previous success with the lemon poppyseed cake, such as variations of that recipe or other desserts that share similar qualities. They might prefer suggestions that balance impressiveness with manageability, considering their previous experience. The user may not prefer overly complex or unfamiliar recipes, or suggestions that do not build upon their existing baking experience.",Lemon lavender pound cake,disagreement,k50|WRONG|CORRECT|single-session-preference,WRONG,CORRECT,WRONG,strict,high,missing_required_information,CORRECT,public,prior_independent_disagreement_adjudication,False,True,"The generated answer provides only a single dessert suggestion ('Lemon lavender pound cake') without addressing the key aspects requested in the gold answer. The gold answer emphasizes the need to build upon the user's previous success with lemon poppyseed cake, suggesting variations or similar desserts that balance impressiveness with manageability. The generated answer fails to explain how the suggestion relates to the user's experience, does not mention any connection to the lemon poppyseed cake, and lacks any discussion of recipe complexity or manageability. It also does not provide multiple options or reasoning, making it insufficiently responsive to the request for tailored baking tips based on prior experience.",,,,
