key,benchmark,question,gold_answer,selection_reason,double_label_required,proposed_temporal_type,independent_temporal_type,proposed_gold_fact_ids,independent_gold_fact_ids,proposed_conflict_fact_ids,independent_conflict_fact_ids,type_exact_match,gold_ids_exact_match,conflict_ids_exact_match,proposed_label_valid,independent_gold_conflict_overlap,confidence,model_assisted_fully_upheld,author_signoff_required,independent_notes,author_temporal_type,author_gold_fact_ids,author_conflict_fact_ids,author_notes
locomo::conv-26_qa005,locomo,When did Melanie run a charity race?,The sunday before 25 May 2023,expanded_union:codex_assisted_llm,false,ordering,historical-state,item_40b7514adcacb5be;item_e0449e62f84ba13d,item_e0449e62f84ba13d,,,False,False,True,True,,high,False,True,"The gold answer specifies a precise date: the Sunday before 25 May 2023, which is 21 May 2023. Fact item_e0449e62f84ba13d states Melanie participated in a charity race on May 20, 2023, which is the closest available date. The other fact (item_40b7514adcacb5be) mentions May 25, 2023, and is not relevant to the race. No conflicting facts about the race date exist. The task requires a single dated event, so 'historical-state' is appropriate.",,,,
locomo::conv-26_qa008,locomo,When did Caroline give a speech at a school?,The week before 9 June 2023,expanded_union:codex_assisted_llm,false,ordering,historical-state,item_0d3c8da65815c828;item_5dc971dc37406abc,item_0d3c8da65815c828;item_5dc971dc37406abc,,,False,True,True,True,,high,False,True,"The gold facts directly support the week before 9 June 2023. Fact item_5dc971dc37406abc specifies the school speech during the week of June 2, 2023, and item_0d3c8da65815c828 confirms support on June 9, 2023, consistent with the timeline. No conflicting facts about the event's timing exist. The question asks for a specific time frame, fitting historical-state. No ordering, duration, or current-vs-old elements are required.",,,,
locomo::conv-26_qa009,locomo,"When did Caroline meet up with her friends, family, and mentors?",The week before 9 June 2023,expanded_union:codex_assisted_llm,false,ordering,historical-state,item_18fcc39bd471228e;item_4ea06700dab4f234,item_4ea06700dab4f234,,item_6b670e85d715c2c6,False,False,False,True,,high,False,True,"The gold fact (item_4ea06700dab4f234) directly states Caroline met friends/family/mentors last week (June 2, 2023), aligning with the gold answer (week before June 9, 2023). The conflict (item_6b670e85d715c2c6) claims a picnic on June 29, 2023, which contradicts the target event's timing. Other facts are either irrelevant or not conflicting. Ordering is not required as the question asks for a specific time, not sequence.",,,,
locomo::conv-26_qa021,locomo,When did Caroline have a picnic?,The week before 6 July 2023,expanded_union:codex_assisted_llm,false,ordering,historical-state,item_372e6b569de81eca;item_6b670e85d715c2c6,item_6b670e85d715c2c6,,,False,False,True,True,,high,False,True,"The gold answer specifies a time window (week before 6 July 2023). Fact 'item_6b670e85d715c2c6' directly states the picnic occurred last week (~29 June 2023), aligning with the gold. Fact 'item_372e6b569de81eca' (July 6, 2023) is about a support network, not the picnic, and is not a direct match. No conflicting facts exist. The task is a direct lookup of a past event, fitting 'historical-state'.",,,,
locomo::conv-26_qa028,locomo,When did Caroline go to the adoption meeting?,The friday before 15 July 2023,expanded_union:codex_assisted_llm,false,ordering,historical-state,item_38a035adb31309c2,item_38a035adb31309c2,,,False,True,True,True,,high,False,True,"The gold fact directly states Caroline attended the adoption meeting on July 8, 2023, which matches the gold answer (Friday before July 15, 2023). No conflicting facts about the same event exist. Other facts are either about unrelated events or use vague time references. The task requires a single dated event, so 'historical-state' is correct.",,,,
locomo::conv-26_qa029,locomo,When did Melanie go to the pottery workshop?,The Friday before 15 July 2023,expanded_union:codex_assisted_llm,false,ordering,historical-state,item_164dda73ac42af10;item_c959000c4a56855a,item_164dda73ac42af10;item_c959000c4a56855a,,,False,True,True,True,,high,False,True,"Both gold facts state Melanie attended a pottery workshop on July 14, 2023, which is the Friday before July 15, 2023, matching the gold answer. No conflicting facts about the event date exist. The question asks for a specific date, fitting historical-state. Other facts are irrelevant or describe later events.",,,,
locomo::conv-26_qa031,locomo,When did Melanie go camping in June?,The week before 27 June 2023,expanded_union:codex_assisted_llm,false,ordering,historical-state,item_8b4ba81920923d5f;item_a567a9ea6c3ff570,item_8b4ba81920923d5f;item_946af971a3dd8672,,,False,False,True,True,,high,False,True,"The gold facts directly support the answer: Melanie's camping trip occurred last week (June 20, 2023), aligning with 'the week before 27 June 2023'. The second gold fact confirms the trip was on or before June 27, 2023. No conflicting facts exist. The question asks for a specific time, not order, duration, or comparison. Thus, 'historical-state' is correct.",,,,
locomo::conv-26_qa033,locomo,When did Caroline go to a pride parade during the summer?,The week before 3 July 2023,all_methods_wrong,true,ordering,historical-state,fact_ba5acf052684d52a;item_23e23ba9523baef1;item_320fd8d1ac1fe8ca;item_58fb396e63b8bf71;item_720150345fbdcd9a;item_fe103ffec1779d2c,fact_b834b05e92f34175;item_23e23ba9523baef1;item_58fb396e63b8bf71;item_720150345fbdcd9a,fact_523d713d3e2be542;fact_b834b05e92f34175;fact_e7f6594ecc99d348;item_185007f7fbdca15b,fact_e7f6594ecc99d348;item_185007f7fbdca15b,False,False,False,True,,high,False,True,"Gold facts identify Caroline's attendance at a pride parade in late June 2023, aligning with 'the week before 3 July 2023'. Conflict facts (August 11, 2023; 'last Friday') contradict this. Other facts are irrelevant or not conflicting. Proposed type 'ordering' is incorrect; this is a historical-state query.",,,,
locomo::conv-26_qa035,locomo,When did Melanie go camping in July?,two weekends before 17 July 2023,mixed_method_outcomes,false,ordering,duration,fact_59383566d0785003;item_522138e5ee9f7653;item_6b42e8d965aa32a8;item_c0289b89f98f7268;item_cfce2eacbb288889;item_f7e7b2e7c54fb750,fact_59383566d0785003;item_522138e5ee9f7653;item_6b42e8d965aa32a8;item_c0289b89f98f7268;item_f7e7b2e7c54fb750,,item_744c156fbf131bd2;item_8b4ba81920923d5f;item_946af971a3dd8672,False,False,False,True,,high,False,True,"Gold facts directly support 'two weekends before 17 July 2023' (approx. July 3). Conflict facts (e.g., June 20, July 6) contradict this timeline. 'Every summer' and 'a few weeks prior to Sept 13' are irrelevant. Duration is correct: interval arithmetic from July 17 to July 3. Ordering is not required.",,,,
locomo::conv-26_qa036,locomo,When did Caroline join a mentorship program?,The weekend before 17 July 2023,expanded_union:codex_assisted_llm,false,ordering,historical-state,item_adb2785b19ff6b2f,item_adb2785b19ff6b2f,,,False,True,True,True,,high,False,True,"The gold fact directly states Caroline joined the mentorship program during the weekend of July 15-16, 2023, aligning with the gold answer of 'the weekend before 17 July 2023'. No conflicting facts about the same event exist. Other facts are either irrelevant or describe different events. The temporal type is correctly historical-state, not ordering.",,,,
locomo::conv-26_qa041,locomo,When did Caroline join a new activist group?,The Tuesday before 20 July 2023,expanded_union:codex_assisted_llm,false,ordering,historical-state,item_1032833a730fe25d,item_1032833a730fe25d,,,False,True,True,True,,high,False,True,"The gold fact directly states Caroline joined a new LGBTQ activist group on July 11, 2023, which aligns with the gold answer of 'the Tuesday before 20 July 2023'. No conflicting facts about the event date exist. The question asks for a specific past date, fitting historical-state. Other facts are irrelevant or about Melanie.",,,,
locomo::conv-26_qa045,locomo,When did Caroline attend a pride parade in August?,The Friday before 14 August 2023,expanded_union:codex_assisted_llm,false,ordering,historical-state,item_185007f7fbdca15b;item_7039c8fa8d6dfe68,item_185007f7fbdca15b,,item_7039c8fa8d6dfe68,False,False,False,True,,high,False,True,"The gold fact directly states Caroline attended the pride parade on August 11, 2023, matching the gold answer. The conflicting fact (August 14) describes a different event on a later date, creating a temporal inconsistency for the same event. No other facts support or contradict the target event. The question asks for a specific date, fitting historical-state. Ordering is not required.",,,,
locomo::conv-26_qa054,locomo,When did Caroline draw a self-portrait?,The week before 23 August 2023,expanded_union:codex_assisted_llm,false,ordering,duration,item_e3191a5c018e2ab2;item_fc87971ce2054a05,item_fc87971ce2054a05,,item_e3191a5c018e2ab2,False,False,False,True,,high,False,True,"The gold fact (item_fc87971ce2054a05) directly supports the answer: one week before August 23, 2023, is August 16, 2023. The conflict fact (item_e3191a5c018e2ab2) states 'this week (August 23, 2023)' for an event that overlaps in time but contradicts the required prior date. The question requires interval arithmetic (duration), not ordering. The proposed 'ordering' type is incorrect.",,,,
locomo::conv-26_qa057,locomo,When did Caroline encounter people on a hike and have a negative experience?,The week before 25 August 2023,expanded_union:codex_assisted_llm,true,ordering,historical-state,item_1859781891d53d92;item_b29fa4d5d3ad5846,item_22247aaeebda3262;item_3cedaef7f42c1626;item_43f5348cf11d4084;item_866c8b2fb039e854;item_8d2a87cdc36b1f5f;item_9115cbe5e3ee49f9;item_e84198e4a4e11386;item_eae2951f421e64c9,,item_031ee80d04e35bbf;item_100d21b02af2518b;item_185007f7fbdca15b;item_305691e9d0cd9b16;item_40b7514adcacb5be;item_5fd33cfbf6ae6ce3;item_e3191a5c018e2ab2;item_f965381f8c7643b0,False,False,False,True,,high,False,True,"The gold answer specifies a time window (week before 25 August 2023). The key fact is item_e84198e4a4e11386, which states Caroline apologized to people she had a conflict with during her hike in August 2023. This aligns with the gold answer. Other gold facts support the context of her identity and activities. Conflict facts include events around August 17–25, 2023, that contradict the timeline. The proposed 'ordering' type is incorrect; the task is a direct historical-state lookup. The gold and conflict lists are valid and within limits.",,,,
locomo::conv-26_qa067,locomo,When did Caroline go biking with friends?,The weekend before 13 September 2023,expanded_union:codex_assisted_llm,false,ordering,historical-state,item_5a19e3df4a93ba4c;item_baa104450a368360,item_baa104450a368360,,,False,False,True,True,,high,False,True,"The gold answer specifies a precise time window: the weekend before 13 September 2023. Fact item_baa104450a368360 directly states Caroline went biking during the weekend of 9-10 September 2023, which fits. Fact item_5a19e3df4a93ba4c (September 13) is not gold as it refers to a later date. No conflicting facts exist; all other facts are either irrelevant or temporally distant. The correct bucket is historical-state, not ordering.",,,,
locomo::conv-26_qa074,locomo,When did Melanie's family go on a roadtrip?,The weekend before 20 October 2023,expanded_union:codex_assisted_llm,true,ordering,historical-state,item_5882cf738aa40c23,item_5882cf738aa40c23,item_6b42e8d965aa32a8;item_8b4ba81920923d5f;item_946af971a3dd8672;item_f7e7b2e7c54fb750,item_6b42e8d965aa32a8;item_8b4ba81920923d5f;item_946af971a3dd8672;item_f7e7b2e7c54fb750,False,True,True,True,,high,False,True,"The gold fact directly supports the weekend before 20 October 2023. Conflicts describe other road trips with incompatible dates. The question asks for a specific time, not order, duration, or comparison. Historical-state is correct; ordering is not.",,,,
locomo::conv-26_qa079,locomo,When did Caroline pass the adoption interview?,The Friday before 22 October 2023,expanded_union:codex_assisted_llm,false,ordering,historical-state,item_a8c6382365304358,item_a8c6382365304358,,,False,True,True,True,,high,False,True,"The gold fact directly states Caroline passed the adoption interview on October 13, 2023, which is the Friday before October 22, 2023, matching the gold answer. No conflicting facts about the same event exist. The question asks for a specific date, fitting historical-state. Other facts are about related goals or states on different dates, not conflicting.",,,,
locomo::conv-30_qa028,locomo,When was Jon in Rome?,June 2023,expanded_union:codex_assisted_llm,false,historical-state,historical-state,item_01b0657b3c9fb3d4,item_01b0657b3c9fb3d4,item_26806c6c30b82af2,item_26806c6c30b82af2,True,True,True,False,,high,False,True,"Only item_01b0657b3c9fb3d4 directly supports Jon being in Rome in June 2023. item_26806c6c30b82af2 (Jan 28, 2023) is irrelevant to the target event. No conflict exists. The proposed conflict is invalid. The correct type is historical-state, but conflict list is incorrect.",,,,
locomo::conv-30_qa036,locomo,When did Jon and Gina decide to collaborate to create dance content?,21 July 2023,expanded_union:codex_assisted_llm,false,historical-state,historical-state,item_4d1087bfed0beb50;item_93d8787bc22ede6d,item_4d1087bfed0beb50;item_a9cfda2bbe680fdc,,,True,False,True,True,,high,False,True,"Only facts directly stating the collaboration decision on 21 July 2023 are gold. 'item_93d8787bc22ede6d' is irrelevant as it only confirms ongoing collaboration without specifying the decision date. No conflicting facts exist. The question asks for a specific date, fitting historical-state. All proposed IDs align with the correct type and content.",,,,
locomo::conv-30_qa037,locomo,When did Gina mention Shia Labeouf?," 23 July, 2023",expanded_union:codex_assisted_llm,true,historical-state,historical-state,,item_01f8172df25ddbf2;item_03c3888efa4a2e1e;item_465f7fada47ba621;item_4c7ab7eb9f0709d6;item_4d1087bfed0beb50;item_507309c9fb7a6fad;item_a9cfda2bbe680fdc;item_b8dbe066befa138c,,item_10e7f8c80eabbe0f;item_8a2a4ba6f0bca61a;item_9a490d977664b392;item_9d0c938f91d570e4;item_f5a46ff24f71c15d,True,False,False,True,,high,False,True,"Gold facts establish Gina's collaboration with Jon on July 21, 2023, including her offer to manage social media. Conflict facts mention Gina's prior activities on July 21 and earlier, but none contradict the July 23, 2023, answer. The question asks for when Gina mentioned Shia Labeouf, but no fact mentions Shia Labeouf. The gold answer is unsupported. The label 'historical-state' is valid as the question seeks a specific date, but no fact supports the gold answer. The gold and conflict lists are valid per definitions.",,,,
locomo::conv-41_qa000,locomo,"Who did Maria have dinner with on May 3, 2023?",her mother,expanded_union:codex_assisted_llm,false,temporal-other,historical-state,item_2e98bd852b54d518,item_2e98bd852b54d518,,,False,True,True,True,,high,False,True,"The question asks for a specific person Maria had dinner with on a given date. Fact 'item_2e98bd852b54d518' directly states she made dinner with her mother on May 3, 2023, matching the gold answer. No other fact contradicts this. All other facts are about different events or times. The temporal operation is a direct lookup, fitting 'historical-state'.",,,,
locomo::conv-41_qa004,locomo,When did John join the online support group?,The week before 1 January 2023,mixed_method_outcomes,false,ordering,historical-state,fact_6317611ef7de1457;fact_db5ae59dae3b7b7b;fact_fef91a941cc49654;item_28bafbba515712b5;item_97a6a1b39b40c1b6,fact_6317611ef7de1457;fact_db5ae59dae3b7b7b;fact_fef91a941cc49654;item_28bafbba515712b5;item_97a6a1b39b40c1b6,fact_7e3d4beb1e0bebc2;fact_d135012e3fe23b10;item_1ff65c7c017d9918;item_3bb485624af07eb9;item_8b8d45251ddac017,fact_7e3d4beb1e0bebc2;fact_d135012e3fe23b10;item_1ff65c7c017d9918;item_3bb485624af07eb9;item_8b8d45251ddac017,False,True,True,True,,high,False,True,"The gold facts directly confirm John joined the group in late December 2022, aligning with the gold answer. Conflicts state joining or inviting on August 3, 2023, contradicting the timeline. The question asks for a specific time, not order, duration, or comparison. Historical-state is correct; ordering is not needed.",,,,
locomo::conv-41_qa013,locomo,When did Maria's grandmother pass away?,The week before 6 March 2023,expanded_union:codex_assisted_llm,false,ordering,historical-state,item_814157df2a4d376b;item_dbf29fe964900682,item_dbf29fe964900682,,,False,False,True,True,,high,False,True,"The gold answer specifies a precise temporal window (week before 6 March 2023). Only item_dbf29fe964900682 directly states the grandmother's passing during that window. item_814157df2a4d376b is irrelevant to the event. No conflicting facts exist. The question asks for a specific past date, fitting historical-state. Proposed ordering type is incorrect.",,,,
locomo::conv-41_qa016,locomo,When did John get his degree?,The week before 2 April 2023,expanded_union:codex_assisted_llm,false,ordering,historical-state,item_67740a1328dc5473,item_67740a1328dc5473,item_1343b969599ceefe,item_1343b969599ceefe,False,True,True,True,,high,False,True,"The gold fact directly states John graduated the week before April 2, 2023, matching the gold answer. The conflict fact states completion on April 2, 2023, which contradicts the week-before date. No other facts provide conflicting or supporting temporal details. The question asks for a specific time, fitting historical-state. Other facts are irrelevant or topical.",,,,
locomo::conv-41_qa027,locomo,When did John have a party with veterans?,The Friday before 20 May 2023,all_methods_wrong,true,ordering,historical-state,fact_0f951d76148f81a1;fact_579c9d0dc6ce8b7c;fact_e58934e6be413714;item_5c851f97b1c56d4e;item_d33341e417820780,fact_0f951d76148f81a1;item_5c851f97b1c56d4e;item_d33341e417820780,,,False,False,True,True,,high,False,True,"The gold answer specifies a precise date: the Friday before 20 May 2023, i.e., 19 May 2023. Fact 'item_d33341e417820780' directly states John met veterans on Friday, May 19, 2023, matching the gold answer. The other gold facts are duplicates or restatements of this event. No conflicting facts exist. The question asks for a specific date, fitting 'historical-state'.",,,,
locomo::conv-41_qa034,locomo,When did Maria join a gym?,The week before 16 June 2023,expanded_union:codex_assisted_llm,true,ordering,historical-state,item_67e126277e6f324a,item_67e126277e6f324a,,,False,True,True,True,,high,False,True,"The gold fact directly states Maria joined a gym on or around June 9, 2023, aligning with the gold answer. No conflicting facts about the joining date exist. The question asks for a specific time, fitting historical-state. Other facts are irrelevant or about different events.",,,,
locomo::conv-41_qa043,locomo,When was John's old area hit with a flood?,The week before 7 July 2023,expanded_union:codex_assisted_llm,false,ordering,historical-state,item_15cb4d7b3fbe0bef;item_3b1aaa348d0fac6a,item_15cb4d7b3fbe0bef;item_c16199d4dfdfbbf8,,,False,False,True,True,,high,False,True,"The gold facts directly establish the flood in John's area during the week of June 30, 2023, aligning with 'the week before 7 July 2023'. No conflicting facts about the same event exist. The proposed 'ordering' type is incorrect; this is a direct historical-state query. The second gold fact reinforces the flood context. No conflicts are present.",,,,
locomo::conv-41_qa046,locomo,When did Maria go hiking with her church friends?,The weekend before 22 July 2023,expanded_union:codex_assisted_llm,false,ordering,historical-state,item_cf29c6651ea44a79;item_d1e50655becacf9e,item_d1e50655becacf9e,,item_80dbaa8b66785d8f,False,False,False,True,,high,False,True,"Gold fact 'item_d1e50655becacf9e' directly states Maria's hike occurred during the weekend of July 15-16, 2023, matching the gold answer. Conflict fact 'item_80dbaa8b66785d8f' describes a picnic on the same weekend, which is a different event but shares the same timeframe. No other facts support or contradict the target event. The question asks for a specific time, not order, duration, or comparison. Thus, historical-state is correct.",,,,
locomo::conv-41_qa048,locomo,When did John have his first firefighter call-out?,The sunday before 3` July 2023,expanded_union:codex_assisted_llm,false,ordering,historical-state,item_bb3f9f6ab52eac1b,item_bb3f9f6ab52eac1b,,,False,True,True,True,,high,False,True,"The gold fact directly states John's first fire brigade call-out date (July 30, 2023), matching the gold answer. No conflicting facts about the same event exist. Other facts are either about different events or irrelevant. The question asks for a specific past date, fitting historical-state. No ordering, duration, or current-vs-old comparison is needed.",,,,
locomo::conv-41_qa055,locomo,When did Maria receive a medal from the homeless shelter?,The week before 9 August 2023,expanded_union:codex_assisted_llm,false,ordering,historical-state,item_19f8d4ca51240a83;item_935090788a914f72,item_935090788a914f72,,,False,False,True,True,,high,False,True,"The gold answer specifies a precise temporal window: 'the week before 9 August 2023'. Fact 'item_935090788a914f72' directly states Maria received a medal during the week of August 2, 2023, which aligns with the gold answer. Fact 'item_19f8d4ca51240a83' is unrelated to the medal event. No conflicting facts about the medal timing exist. The question asks for a specific time, not order, duration, or comparison, so 'historical-state' is correct.",,,,
locomo::conv-41_qa056,locomo,When did John participate in a 5K charity run?,first weekend of August 2023,mixed_method_outcomes,false,ordering,historical-state,fact_925e8fd8db087978;fact_9ee0324f4f818591;item_19f8d4ca51240a83;item_966945477aca5936,fact_925e8fd8db087978;fact_9ee0324f4f818591;item_19f8d4ca51240a83;item_966945477aca5936,fact_8b6821c3a0475304,fact_8b6821c3a0475304,False,True,True,True,,high,False,True,"Gold facts confirm John organized a 5K charity run in his neighborhood on or before August 9, 2023, aligning with the gold answer of the first weekend of August 2023. Fact_8b6821c3a0475304 is irrelevant as it only states John organized the run without a date, not conflicting. No other facts contradict the target event's timing. The question asks for a specific time, fitting historical-state.",,,,
locomo::conv-41_qa058,locomo,When did Maria get Coco?,Two weeks before 11 August 2023,expanded_union:codex_assisted_llm,false,ordering,duration,item_df074c689240f684,item_df074c689240f684,,,False,True,True,True,,high,False,True,"The gold fact directly supports the answer using 'approximately two weeks before August 11, 2023', which aligns with 'two weeks before 11 August 2023'. No conflicting facts about Maria getting Coco exist. The question requires interval arithmetic, fitting duration. Other facts are irrelevant or topical but not conflicting.",,,,
locomo::conv-41_qa061,locomo,When did Maria adopt Shadow?,The week before 13 August 2023,expanded_union:codex_assisted_llm,true,ordering,historical-state,item_43310e94cfd19e4b;item_f06308ffe2a5ffd8,item_43310e94cfd19e4b;item_f06308ffe2a5ffd8,,,False,True,True,True,,high,False,True,"The gold facts directly support the adoption date: item_43310e94cfd19e4b places adoption 'last week (August 6, 2023)' and item_f06308ffe2a5ffd8 confirms Shadow existed by August 13, 2023. No conflicting facts exist. The question asks for a specific time, fitting 'historical-state' as a direct lookup. Ordering is not required.",,,,
locomo::conv-41_qa091,locomo,What did John attend with his colleagues in March 2023?,a tech-for-good convention,expanded_union:codex_assisted_llm,false,temporal-other,historical-state,item_1824e06c8a67e734,item_1824e06c8a67e734,,,False,True,True,True,,high,False,True,"The gold fact directly states John attended a tech-for-good convention in March 2023, matching the gold answer. No conflicting facts assert a different event or date for the same attendance. Other facts are topically related but not contradictory. The question asks for a specific event at a specific time, fitting historical-state.",,,,
locomo::conv-42_qa002,locomo,"When did Joanna first watch ""Eternal Sunshine of the Spotless Mind?",2019,expanded_union:codex_assisted_llm,true,ordering,historical-state,item_a3bf402e40c5bb00,item_a3bf402e40c5bb00,,,False,True,True,True,,high,False,True,"The question asks for a specific past date when Joanna first watched the movie. Fact item_a3bf402e40c5bb00 directly states this occurred around 2019, matching the gold answer. No other fact contradicts this date for the same event. The other facts are either about unrelated events or current states, not conflicting. The temporal type is correctly historical-state, as it involves a single past event with a specific date.",,,,
locomo::conv-42_qa003,locomo,When did Nate win his first video game tournament?,"the week before 21Janury, 2022",expanded_union:codex_assisted_llm,false,ordering,historical-state,item_3309413e089a29f3;item_7da5fee31354687f,item_3309413e089a29f3,item_17bf10080d52ef96;item_38d4e767da3c3bf8;item_56edc3a93ad3bf7f;item_599877c71f8cfea4;item_8d2e59050a5a4463;item_a23eae4e472985b3,item_7da5fee31354687f,False,False,False,True,,high,False,True,"The gold fact directly supports the answer (week of Jan 14, 2022). The conflict fact (Jan 21, 2022) contradicts the target event's timing. Other facts are either irrelevant or describe different events. The question asks for a specific time, not order, duration, or comparison. No need for ordering or current-vs-old.",,,,
locomo::conv-42_qa007,locomo,When did Joanna finish her first screenplay?,"The Friday before 23January, 2022",expanded_union:codex_assisted_llm,false,ordering,historical-state,item_0f68323eab9ea71d;item_b97cdc0c50888917,item_0f68323eab9ea71d,item_0b88e940c7b868c8,item_0b88e940c7b868c8,False,False,True,True,,high,False,True,"The gold fact (item_0f68323eab9ea71d) directly states the completion date of Joanna's first screenplay. The conflict fact (item_0b88e940c7b868c8) claims completion in May 2022, contradicting the gold answer. Other facts are either irrelevant or not conflicting. The question asks for a specific date, fitting historical-state. Ordering is not required as no sequence is implied.",,,,
locomo::conv-42_qa008,locomo,When did Nate get his first two turtles?,2019,all_methods_wrong,false,ordering,historical-state,item_55afb666e2f0ec10;item_5d6907fbc1f172fd,item_55afb666e2f0ec10;item_5d6907fbc1f172fd,fact_0d79fcb0e8aa0452;fact_5b0507fb2874e05f;fact_684393ce8f95cfe1;item_3ff2dcbe43289851;item_e6abbfdf40834530,fact_0d79fcb0e8aa0452;fact_5b0507fb2874e05f;fact_684393ce8f95cfe1;item_3ff2dcbe43289851;item_e6abbfdf40834530,False,True,True,True,,high,False,True,"Gold facts establish Nate owned two turtles by Jan 23, 2022, and had owned them for 3 years. Conflicts state ownership at other dates (Oct 25, Sep 5, Apr 17, Nov 11) but do not contradict the 2019 inference. No ordering, duration, or current-vs-old needed. Temporal type corrected to historical-state.",,,,
locomo::conv-42_qa009,locomo,What major achievement did Joanna accomplish in January 2022?,finished her screenplay and printed it,expanded_union:codex_assisted_llm,false,temporal-other,historical-state,item_0f68323eab9ea71d,item_0f68323eab9ea71d,item_0b88e940c7b868c8;item_cc96d347a880f3de,item_0b88e940c7b868c8;item_cc96d347a880f3de,False,True,True,True,,high,False,True,"The gold fact directly states the achievement in January 2022. The conflict facts mention completion in May and June 2022, contradicting the January date. Other facts are irrelevant or describe unrelated events. The question asks for a specific event at a specific time, fitting historical-state. No other temporal operation is required.",,,,
locomo::conv-42_qa015,locomo,When did Nate get purple hair?,"The week before 15April, 2022.",all_methods_wrong,false,ordering,historical-state,item_6b74a4caeb182fbc;item_dffa45f621638781,item_6b74a4caeb182fbc;item_dffa45f621638781,fact_5b1265865c7f7e8d;fact_6a0d4376c14048fa,fact_5b1265865c7f7e8d;fact_6a0d4376c14048fa,False,True,True,True,,high,False,True,"Gold facts confirm purple hair on April 15, 2022, aligning with 'week before 15April, 2022'. Conflict facts state dyeing 'as of' April 15, implying same day, conflicting with 'week before'. No ordering, duration, or current-vs-old needed. Historical-state is correct.",,,,
locomo::conv-42_qa016,locomo,What physical transformation did Nate undergo in April 2022?,dyed his hair purple,expanded_union:codex_assisted_llm,false,temporal-other,historical-state,item_6b74a4caeb182fbc;item_daba2d41bccd2c3a;item_dffa45f621638781,item_6b74a4caeb182fbc;item_daba2d41bccd2c3a;item_dffa45f621638781,,,False,True,True,True,,high,False,True,"All three gold facts directly confirm Nate dyed his hair purple in April 2022. No conflicting facts exist. The question asks for a specific physical transformation at a given time, fitting historical-state. No ordering, duration, or current-vs-old comparison is required.",,,,
locomo::conv-42_qa017,locomo,"What movie did Joanna watch on 1 May, 2022?",Lord of the Rings,expanded_union:codex_assisted_llm,true,temporal-other,historical-state,item_aa015f695ddd13ee,item_aa015f695ddd13ee,,,False,True,True,True,,high,False,True,"The question asks for a specific movie watched on a fixed date, directly answered by the gold fact. No conflicting date or state exists for the same event. Other facts are topically related but not about the same event. The temporal type is correctly historical-state, not temporal-other.",,,,
locomo::conv-42_qa026,locomo,When did Nate win his third tourney?,"The week before 3June, 2022",mixed_method_outcomes,false,ordering,historical-state,item_131be2fea6caa75c;item_56edc3a93ad3bf7f,item_131be2fea6caa75c;item_56edc3a93ad3bf7f,,,False,True,True,True,,high,False,True,"The gold facts identify Nate's third tournament as occurring in the week preceding June 3, 2022, aligning with the gold answer (week before June 3, 2022). The fact 'Nate met new people...' supports the same event. No conflicting facts state the same event with a different date. The question asks for a specific time, not order, duration, or comparison. Thus, historical-state is correct.",,,,
locomo::conv-42_qa033,locomo,When did someone write Joanna a touching letter?,"The week before 14August, 2022.",mixed_method_outcomes,false,ordering,historical-state,item_2c89082b0195c7e9;item_cdfb2f0df58a3969,item_2c89082b0195c7e9;item_cdfb2f0df58a3969,,,False,True,True,True,,high,False,True,"The gold facts directly support the answer: a letter was received during the week of August 7, 2022, which aligns with 'the week before 14 August 2022'. No conflicting facts about the same event exist. The question asks for a specific time, fitting historical-state. The proposed 'ordering' type is incorrect.",,,,
locomo::conv-42_qa054,locomo,When was Joanna's second movie script shown on the big screens?,"The Sunday before 25October, 2022.",mixed_method_outcomes,false,ordering,historical-state,fact_06c8087343fc659f;item_031ed6195763195f;item_a3bf402e40c5bb00,fact_06c8087343fc659f;item_031ed6195763195f,fact_06137e99e7e81ef9;fact_b462ec2efe8841c1;fact_e77291a801145502;item_6714808a0ab2a63b;item_a53a54b385ef64d7;item_b9ce82b7b273c430,item_6714808a0ab2a63b;item_a53a54b385ef64d7;item_b9ce82b7b273c430,False,False,False,True,,high,False,True,"The gold facts identify the first big-screen premiere of Joanna's script on October 23, 2022, directly supporting the target event. The conflict facts mention later dates (Nov 7–11, 2022) for related actions, creating temporal inconsistency. The question asks for a specific date, not order or duration. The proposed 'ordering' type is incorrect; the correct bucket is 'historical-state' for a single dated event.",,,,
locomo::conv-42_qa072,locomo,When did Joanna plan on going to Nate's to watch him play with his turtles?,"10 November, 2022",mixed_method_outcomes,false,historical-state,historical-state,fact_1dd2aabbcd28ed29;fact_33135455d5d7bf98;fact_b3430541edad1b07;item_66044f38b1943a73;item_71a33ed37392956a;item_9f1971d35919b607;item_e3a5b7361c6cbb30,fact_1dd2aabbcd28ed29;fact_33135455d5d7bf98;fact_b3430541edad1b07;item_0d0568ba48b3bc27;item_66044f38b1943a73;item_71a33ed37392956a;item_9f1971d35919b607,fact_d1bd3c4b0d338b56;fact_ef1e068f6a2af62b;item_0d0568ba48b3bc27;item_bea94e7f507f6203;item_de4c54c57077fa28,fact_d1bd3c4b0d338b56;fact_ef1e068f6a2af62b;item_0d0568ba48b3bc27;item_bea94e7f507f6203;item_de4c54c57077fa28,True,False,True,False,item_0d0568ba48b3bc27,low,False,True,"Conflicts include fact_d1bd3c4b0d338b56 (Feb 7, 2022) and fact_ef1e068f6a2af62b (Apr 21, 2022), which are irrelevant to the visit plan. item_0d0568ba48b3bc27 (Mar 18, 2022) is not a conflict. Gold list includes redundant duplicates and one conflict. Only facts with Nov 9–10, 2022 dates support the gold answer. Corrected gold: 5 facts; conflict: 0 valid. Temporal type should be 'historical-state' but gold/conflict lists are invalid.",,,,
locomo::conv-43_qa020,locomo,Which city was John in before traveling to Chicago?,Seattle,all_methods_wrong,false,ordering,current-vs-old,fact_45d752efeced2f7c;item_7b2e8d3be044200b;item_df8fd592342bb3f9,fact_45d752efeced2f7c;item_7b2e8d3be044200b;item_df8fd592342bb3f9,,item_4e1797bbe6522b75;item_827ecada634140c0;item_88481d6da9dc7919,False,True,False,True,,high,False,True,"Gold facts confirm John's positive association with Seattle as of July 16, 2023. Conflict facts indicate Chicago visit (Aug 11, 2023) and Seattle-related activities post-visit, implying Seattle was prior. Ordering is not required; the question contrasts states before/after Chicago. Current-vs-old fits best.",,,,
locomo::conv-43_qa046,locomo,Where was Tim in the week before 16 November 2023?,UK,mixed_method_outcomes,false,ordering,historical-state,item_283dd1b56103e11d;item_80cb7a653c1106a2,item_283dd1b56103e11d;item_80cb7a653c1106a2,,,False,True,True,True,,high,False,True,"The question asks for Tim's location one week before 16 November 2023, which is 9–15 November 2023. Fact 'item_283dd1b56103e11d' states Tim visited the UK on 10 November 2023, directly supporting the gold answer. Fact 'item_80cb7a653c1106a2' confirms Tim was busy with exams during the week of 16 November, consistent with being in the UK earlier. No conflicting facts exist. The temporal type is historical-state, not ordering.",,,,
locomo::conv-43_qa047,locomo,When did John get married at a greenhouse?,last week of September 2023,all_methods_wrong,true,current-vs-old,historical-state,item_696a45cf60711e08;item_699e3714e9cabf9b;item_eb7ebd4d827556e3;item_f51559466526d34e,item_696a45cf60711e08;item_699e3714e9cabf9b;item_eb7ebd4d827556e3;item_f51559466526d34e,item_92639ba9cc8c0e42;item_eeeb2dcf5df6cfd1,item_92639ba9cc8c0e42;item_eeeb2dcf5df6cfd1,False,True,True,True,,high,False,True,"Gold facts confirm the wedding occurred in late September 2023 at a greenhouse. Conflict facts state marriage as of November 2023 and a December photoshoot, but do not contradict the date of the event. The question asks for a specific time, fitting historical-state. No ordering, duration, or current-vs-old comparison is required.",,,,
locomo::conv-43_qa054,locomo,When did John take a trip to the Rocky Mountains?,2022,mixed_method_outcomes,false,historical-state,historical-state,item_2a7a5239aee02d68;item_6b6854e1c200ce0e,item_2a7a5239aee02d68,fact_dc3e44c210bd664d,fact_dc3e44c210bd664d,True,False,True,True,,high,False,True,Only 'item_2a7a5239aee02d68' directly supports the gold answer (2022). 'fact_dc3e44c210bd664d' conflicts by placing the trip in Dec 2023. 'item_6b6854e1c200ce0e' is irrelevant (Smoky Mountains). The rest are unrelated or lack temporal specificity. Temporal type 'historical-state' is appropriate for a single dated event.,,,,
locomo::conv-44_qa005,locomo,When did Audrey see a hummingbird?,first week of May 2023,all_methods_wrong,false,ordering,historical-state,item_0500e26422491f7e;item_431f3ce9dcc020d9,fact_12865f1a62ee1e01;item_20250916cfef723e,,,False,False,True,True,,high,False,True,"The gold facts directly state Audrey observed a hummingbird during the week of April 26, 2023, aligning with the gold answer of first week of May 2023. The proposed gold facts are irrelevant. The conflict list is empty, which is valid as no conflicting date is present. The temporal type is historical-state, as the question asks for a specific past time when an event occurred.",,,,
locomo::conv-44_qa022,locomo,Where did Andrew go during the first weekend of August 2023?,camping with girlfriend,all_methods_wrong,false,ordering,historical-state,fact_d8fe36d8b0a65fb1;item_45e7887381aaf8b3;item_6dfe3e51afc3a0e3;item_a9787ab464fb8e8a,fact_d8fe36d8b0a65fb1;item_45e7887381aaf8b3;item_6dfe3e51afc3a0e3;item_a9787ab464fb8e8a,,,False,True,True,True,,high,False,True,"The question asks for a specific location during a defined time window. The gold facts directly confirm Andrew was camping with his girlfriend during the first weekend of August 2023. The duplicate IDs refer to the same event. No conflicting facts exist. The temporal type is historical-state, not ordering.",,,,
locomo::conv-44_qa055,locomo,When did Andrew make his dogs a fun indoor area?,"few days before November 22, 2023",all_methods_wrong,false,ordering,historical-state,fact_d23d439244bd54af;item_06544fb3ac130cd2;item_30703760ffe974b2;item_6f1b5be68f073537;item_93c65a245d6587d0;item_e2a7c405a0b2b007,fact_d23d439244bd54af;item_06544fb3ac130cd2;item_30703760ffe974b2;item_6f1b5be68f073537;item_93c65a245d6587d0;item_e2a7c405a0b2b007,fact_2d79da7ca35ce7bd;fact_eacf2f2249a4850f;item_256b6d29c204bdf4;item_3afe9f551bc08864,fact_2d79da7ca35ce7bd;fact_eacf2f2249a4850f;item_256b6d29c204bdf4;item_3afe9f551bc08864,False,True,True,True,,high,False,True,"Gold facts establish the timeline around dog adoption and care priorities near Nov 22, 2023. Conflicts involve earlier statements about dogs not directly tied to the indoor area. No ordering, duration, or current-vs-old operations are required. The question asks for a specific time frame, best captured as historical-state.",,,,
locomo::conv-44_qa057,locomo,When did Andrew adopt Scout?,few days before November 2023,mixed_method_outcomes,false,ordering,historical-state,fact_69b2c6ee3fb002e9;fact_864c6973e928913f;item_06544fb3ac130cd2;item_50112c0a4d691a0d,fact_69b2c6ee3fb002e9;fact_864c6973e928913f;item_06544fb3ac130cd2;item_50112c0a4d691a0d,,,False,True,True,True,,high,False,True,"The gold facts directly establish Andrew adopted Scout a few days before November 22, 2023. The proposed conflict list is empty, which is valid as no conflicting dates or states are present. The temporal type is correctly historical-state, as the question asks for a specific past time point with no need for comparison or arithmetic.",,,,
locomo::conv-47_qa021,locomo,When did John first organize a charity tournament with his friends?,"May 7, 2022",mixed_method_outcomes,false,ordering,historical-state,fact_4015b3d9e39f0db3;fact_4e070905e7e602c8;fact_7fa8f814f07cbbbd;fact_b28c4047dd1fd2ac;item_8f6f97b92f843875;item_f221fdb4dbe62f4b,fact_4015b3d9e39f0db3;fact_4e070905e7e602c8;fact_7fa8f814f07cbbbd;fact_b28c4047dd1fd2ac;item_8f6f97b92f843875;item_cf0e459e7568403b;item_f221fdb4dbe62f4b,fact_9e3f498dc0e19e14;fact_eaa069c741f2b9c0;item_304c01f3eedbf045;item_3e2e7d245d585558,fact_9e3f498dc0e19e14;fact_eaa069c741f2b9c0;item_304c01f3eedbf045;item_3e2e7d245d585558,False,False,True,True,,high,False,True,"Gold facts directly support May 7, 2022, as the first charity tournament. Conflicts involve events on or around May 8, October 30, and October 31, 2022, which are later or ambiguous. No ordering or duration needed. Temporal type is historical-state, not ordering.",,,,
locomo::conv-47_qa037,locomo,When did John spend time with his sister and dogs?,"July 21, 2022",mixed_method_outcomes,true,historical-state,historical-state,fact_bd315043f0c7ce60;item_5e092aabddd44334;item_a9ffdd50403128e5,fact_bd315043f0c7ce60;item_5e092aabddd44334;item_96b26bfab571e732,,,True,False,True,True,,high,False,True,"Fact IDs 'fact_bd315043f0c7ce60' and 'item_5e092aabddd44334' both confirm John (not James) spent time with sister and dogs on July 21, 2022. 'item_96b26bfab571e732' supports the date via James's photo activity. No conflicting facts exist. 'item_a9ffdd50403128e5' is irrelevant (about James's childhood).",,,,
locomo::conv-48_qa002,locomo,When did Deborah`s mother pass away?,a few years before 2023,all_methods_wrong,false,ordering,historical-state,item_568dd3ac81ace736,item_568dd3ac81ace736,fact_29bfcaf84f8b1f37;item_549ce6659e4480f5,fact_29bfcaf84f8b1f37;item_549ce6659e4480f5,False,True,True,True,,high,False,True,"Fact 'item_568dd3ac81ace736' states Deborah's friend passed away a few years ago, implying her mother's death was also a few years before 2023, aligning with gold answer. 'item_549ce6659e4480f5' and 'fact_29bfcaf84f8b1f37' assert mother's death without temporal context, conflicting with the 'a few years before 2023' timeframe. No other facts provide a specific date for the mother's death. The question seeks a single past event's timing, fitting 'historical-state'.",,,,
locomo::conv-48_qa021,locomo,"When do Jolene and her partner plan to complete the game ""Walking Dead""?","Saturday after 27 January, 2023",mixed_method_outcomes,false,ordering,historical-state,fact_efcc646040403e2a;item_6a716bf7230eca6d;item_c0f38a1a9a5e9dcd,fact_efcc646040403e2a;item_6a716bf7230eca6d;item_c0f38a1a9a5e9dcd,fact_1a0bd3aeaded0054;fact_7cdbcffad2ea6e7a;fact_87e5dcce209a5d17;item_5e6821b59a537ca2;item_915abc1a319a460e,fact_1a0bd3aeaded0054;fact_7cdbcffad2ea6e7a;fact_87e5dcce209a5d17;item_5e6821b59a537ca2;item_915abc1a319a460e,False,True,True,True,,high,False,True,"Gold facts confirm Jolene and her partner's plan to play 'Walking Dead' on February 4, 2023, with supporting context. Conflicts involve other gaming plans or activities but do not contradict the target event's date. No temporal reasoning beyond a direct lookup is needed. The proposed 'ordering' type is incorrect; this is a historical-state question.",,,,
locomo::conv-48_qa031,locomo,When was the last photo of Deborah and Karlie taken?,in summer 2022,high_heuristic_conflict,false,current-vs-old,historical-state,fact_bc5544c39fcdce09;item_6f8d1ac2d7ad38fd,fact_bc5544c39fcdce09;item_6f8d1ac2d7ad38fd,fact_664a24955b5754eb,fact_664a24955b5754eb,False,True,True,True,,high,False,True,"The gold facts directly state the last photo of Deborah and Karlie was in summer 2022. The conflict fact mentions a motorcycle photo but lacks a date and does not contradict the gold answer. No current-vs-old, ordering, or duration operations are needed. The question asks for a specific time, fitting historical-state.",,,,
locomo::conv-48_qa043,locomo,When did Deborah go for a bicycle ride with Anna?,"first week of April, 2023",mixed_method_outcomes,true,ordering,historical-state,item_a5eb025f06524aa8;item_e193d6cae59f052c,item_a5eb025f06524aa8;item_e193d6cae59f052c,,,False,True,True,True,,high,False,True,"The gold facts directly confirm Deborah attended an art show with Anna on April 9, 2023, aligning with the gold answer. No conflicting facts about the same event exist. The question asks for a specific time, fitting historical-state. Other facts are either irrelevant or describe different events.",,,,
locomo::conv-48_qa052,locomo,When did Jolene lose a lot of progress in her work?,last week of July 2023,high_heuristic_conflict,false,current-vs-old,historical-state,fact_93d73d6678a649b0;item_0c518202b8da6e32,fact_93d73d6678a649b0;item_0c518202b8da6e32,,,False,True,True,True,,high,False,True,"The gold facts directly state Jolene lost all her work during the week of July 25, 2023, aligning with the gold answer. The duplicate fact IDs refer to the same event. No conflicting facts exist. The question asks for a specific time, fitting historical-state. Current-vs-old is incorrect as no comparison between states is required.",,,,
locomo::conv-48_qa065,locomo,Which country was Jolene located in during the last week of August 2023?,Brazil,high_heuristic_conflict,false,current-vs-old,historical-state,item_b3686f4ebf49b554;item_c1df0a96235d9219,fact_6a18a39cee41db6c;fact_774fb57453a25984;fact_7bb225a520060b08;fact_85435350d7a2d17c;fact_8b6549c0cacf41a4;item_049975a71e13b9a9;item_09f33517695b3c9e;item_c1df0a96235d9219,,fact_a24f89bfb9526dc0;item_54e3239fc5e6bf4b,False,False,False,True,,high,False,True,"Gold facts confirm Jolene was in Rio de Janeiro, Brazil, during late August 2023. Conflict facts place her in Phuket or on a beach trip in early September, inconsistent with the last week of August. The question asks for a specific location at a past time, fitting historical-state. Current-vs-old is incorrect as no comparison to a prior state is needed.",,,,
locomo::conv-48_qa071,locomo,When did Deborah go to a community meetup?,last week of August 2023,high_heuristic_conflict,false,current-vs-old,historical-state,fact_470bcaabccd8c911;item_1567748661347925,fact_470bcaabccd8c911;item_1567748661347925,,,False,True,True,True,,high,False,True,"The gold answer specifies a precise date (last week of August 2023). Fact IDs fact_470bcaabccd8c911 and item_1567748661347925 both state Deborah attended a meetup on August 25, 2023, which falls within the last week of August 2023. No conflicting facts about the same event exist. The temporal type is correctly historical-state, as it involves a direct lookup of a specific past event.",,,,
locomo::conv-49_qa022,locomo,When Evan did meet his future wife?,"week before August 7, 2023.",all_methods_wrong,false,ordering,historical-state,item_3d1fb10a6baf1452;item_9b50a5b2af9a70ae,item_3d1fb10a6baf1452;item_9b50a5b2af9a70ae,,,False,True,True,True,,high,False,True,"The question asks for a specific time frame (week before August 7, 2023) when Evan met his future wife. The gold facts confirm his positive experience with a female companion and prior health issues before August 7, 2023, supporting the temporal context. No conflicting facts about the meeting time exist. The proposed 'ordering' type is incorrect; this is a historical-state query. The gold facts are valid and sufficient. No conflicts are present.",,,,
locomo::conv-49_qa053,locomo,When did Evan and Sam decide to paint together?,"Saturday after 11 September, 2023.",mixed_method_outcomes,false,ordering,historical-state,fact_22467a57d0f11920;fact_45f1ad7c38dd3df9;fact_6997e873b0b29ebb;fact_e0afc988f6c0cbf6;item_67f57b469a8009ce;item_83966f14c9fdc1ee,fact_22467a57d0f11920;fact_45f1ad7c38dd3df9;fact_6997e873b0b29ebb;fact_e0afc988f6c0cbf6;item_67f57b469a8009ce;item_83966f14c9fdc1ee,fact_09e2460bfb080265;fact_9a51d50f305fb632;item_a44c330b35df8951;item_ab28b0ac3e4d3745;item_b2834864bab97dcd;item_e75dc240f601258f,item_a44c330b35df8951;item_ab28b0ac3e4d3745;item_b2834864bab97dcd;item_e75dc240f601258f,False,True,False,True,,high,False,True,"Gold facts directly state or imply the painting plan on Saturday, September 16, 2023. Conflicts are plans for other future activities (Dec, Oct, Nov) that contradict the specific date. No ordering, duration, or current-vs-old comparison is needed. The question asks for a specific past date, fitting historical-state.",,,,
locomo::conv-49_qa067,locomo,When did Evan and Sam planned a trip to the beach together?,"December, 2023",mixed_method_outcomes,false,historical-state,historical-state,fact_09e2460bfb080265;item_9b71b03ca4eac64d;item_a44c330b35df8951,fact_09e2460bfb080265;item_a44c330b35df8951,fact_b5edbf9c0e6e259b;item_2b177540254ed47f;item_67f57b469a8009ce;item_ab28b0ac3e4d3745;item_b2834864bab97dcd;item_e75dc240f601258f,item_67f57b469a8009ce;item_b2834864bab97dcd;item_e75dc240f601258f,True,False,False,True,,high,False,True,"Gold facts directly state a December 2023 trip plan. Conflict facts mention future or different past trips (e.g., September 2023, October 2023, future plans), contradicting the target date. 'item_9b71b03ca4eac64d' (Dec 31, 2023) is irrelevant to the trip planning date. Only two gold facts are needed; duplicates are consolidated. Conflicts are topically relevant but date-incompatible.",,,,
locomo::conv-50_qa000,locomo,When did Calvin first travel to Tokyo?,between 26 March and 20 April 2023,mixed_method_outcomes,true,ordering,historical-state,fact_1aa34e8a403bb43c;fact_81c83e470409d2c8;item_06ebc10e23dffaa2;item_6704b5bad178e78b;item_b75543e71e08c7ba;item_dcc5f6fcdd491b77,fact_1aa34e8a403bb43c;fact_81c83e470409d2c8;item_06ebc10e23dffaa2;item_6704b5bad178e78b;item_6b435ac046473fc9;item_dcc5f6fcdd491b77,fact_5dfe6a0da15b5ef3;item_82522e68282faf2f,fact_5dfe6a0da15b5ef3;item_82522e68282faf2f,False,False,True,True,,high,False,True,"Gold facts establish Calvin's first Tokyo visit between March 26 and April 20, 2023, via planned travel and attendance at events. Conflict facts propose later dates (Nov/Nov 2023), contradicting the gold answer. The question asks for a specific time window, fitting historical-state. No ordering, duration, or current-vs-old logic needed.",,,,
locomo::conv-50_qa012,locomo,When was Calvin's concert in Tokyo?,last week of May 2023,mixed_method_outcomes,true,current-vs-old,historical-state,fact_8654745cf55b5b51;fact_9344cf356c0dba8e;item_59e2e61cee710cd7;item_753a93cc9c7453c3;item_76a1e436e07e4ada,fact_8654745cf55b5b51;fact_9344cf356c0dba8e;item_59e2e61cee710cd7;item_753a93cc9c7453c3;item_76a1e436e07e4ada,item_02fc4602141fee17;item_4b24ead55a59c55d;item_4fe5de52be25c0f1;item_82522e68282faf2f;item_b198b9a06b02b0ab;item_dcc5f6fcdd491b77,item_02fc4602141fee17;item_4b24ead55a59c55d;item_4fe5de52be25c0f1;item_82522e68282faf2f;item_dcc5f6fcdd491b77,False,True,False,True,,high,False,True,"Gold facts directly support May 2023 as the concert month. Conflicts cite August or April 2023, contradicting the gold answer. No need for current-vs-old, ordering, or duration. Historical-state is correct; proposed type was incorrect but facts align with historical-state.",,,,
locomo::conv-50_qa031,locomo,Where was Dave in the last two weeks of August 2023?,San Francisco,all_methods_wrong,false,current-vs-old,historical-state,item_319af4fa5d846c21;item_db6e5bedbec96b01,item_319af4fa5d846c21,,item_db6e5bedbec96b01,False,False,False,True,,high,False,True,"The question asks for Dave's location during a specific past period (last two weeks of August 2023). Only item_319af4fa5d846c21 directly confirms he was in San Francisco on August 14, 2023, fitting historical-state. item_db6e5bedbec96b01 (Sept 1) is a later event and conflicts on location timing. Other facts are irrelevant or post-date the period. Current-vs-old is incorrect as no comparison between states is required.",,,,
locomo::conv-50_qa035,locomo,When did Calvin book flight tickets to Boston?,last week of August 2023,high_heuristic_conflict,false,current-vs-old,historical-state,fact_1823436e5c09183c;fact_1f55966869949de2;item_abd519edf8496778;item_e1741b2cde4c4e29,fact_1823436e5c09183c;fact_1f55966869949de2;item_abd519edf8496778;item_e1741b2cde4c4e29,,,False,True,True,True,,high,False,True,"The question asks for a specific time Calvin booked flight tickets, directly supported by facts stating booking during the week of August 26, 2023. The gold facts are consistent and directly answer the query. No conflicting facts exist; other facts refer to plans, past visits, or unrelated timelines. The proposed 'current-vs-old' type is incorrect; this is a direct historical-state query.",,,,
locomo::conv-50_qa048,locomo,What was Dave doing in the first weekend of October 2023?,attending a car show,all_methods_wrong,true,ordering,historical-state,item_3a6bf5de63a3317b;item_67bc09c30e80c65e;item_e8416831e92640a5,item_3a6bf5de63a3317b;item_67bc09c30e80c65e,,,False,False,True,True,,high,False,True,"The gold facts directly support Dave attending a car show in early October 2023. Fact item_67bc09c30e80c65e confirms the event on October 6, 2023. Fact item_3a6bf5de63a3317b supports interest in car shows and modifications. Fact item_e8416831e92640a5 (October 29) is irrelevant to the first weekend. No conflicts exist. Temporal type is historical-state, not ordering.",,,,
locomo::conv-50_qa050,locomo,When did Calvin buy his second Ferrari?,first week of October 2023,mixed_method_outcomes,false,ordering,historical-state,fact_d36c122562d31f8d;item_3f3582cc5cb33561;item_7ed6a8002f80ee81,fact_d36c122562d31f8d;item_3f3582cc5cb33561;item_7ed6a8002f80ee81,,,False,True,True,True,,high,False,True,"The gold facts confirm Calvin purchased a Ferrari in the week preceding October 15, 2023, aligning with the gold answer. The duplicate IDs refer to the same fact. No conflicting facts exist; other facts describe earlier purchases or unrelated events. The question asks for a specific date, fitting historical-state. Ordering is not required.",,,,
locomo::conv-50_qa067,locomo,Where was Calvin located in the last week of October 2023?,Tokyo,all_methods_wrong,false,current-vs-old,historical-state,fact_fdcadf9593e7e243;item_3c1bf895f9f027e4;item_517a98b11c0282df;item_8a14c086702caef1,fact_fdcadf9593e7e243;item_3c1bf895f9f027e4;item_517a98b11c0282df;item_8a14c086702caef1,,,False,True,True,True,,high,False,True,"The question asks for Calvin's location during a specific past period (last week of October 2023). Fact 'item_517a98b11c0282df' directly states he hosted a party at his Japanese house during that week, supporting 'Tokyo'. Other gold facts confirm his presence in Japan around that time. No conflicting facts exist. The proposed 'current-vs-old' type is incorrect; this is a direct historical-state query.",,,,
locomo::conv-50_qa068,locomo,When did Dave find the car he repaired and started sharing in his blog?,last week of October 2023,high_heuristic_conflict,false,current-vs-old,historical-state,fact_3c32458285703c70;fact_c6c0e4349ab858c3;item_a77da0752f257680;item_ab80aa2cf37d893c;item_bc85cdd74b0c8925,fact_3c32458285703c70;fact_c6c0e4349ab858c3;item_a77da0752f257680;item_bc85cdd74b0c8925,fact_593a410abafe3842;fact_b7dcff2c66a70a3d;fact_cbf67ec9afa1c018;item_b8d559526e98f06c,fact_593a410abafe3842;fact_b7dcff2c66a70a3d;fact_cbf67ec9afa1c018,False,False,False,True,,high,False,True,"Gold facts identify when Dave found the car (Oct 26, 2023) and shared it (Oct 4, 2023). Conflict facts mention blog start (Nov 2) and general car work, but do not contradict the car finding date. No current-vs-old, ordering, or duration needed. Temporal type is correctly historical-state.",,,,
longmemeval::982b5123,longmemeval,How many months ago did I book the Airbnb in San Francisco?,Five months ago,expanded_union:codex_assisted_llm,false,duration,duration,fact_5d1355d71db7d03b,fact_cbffb558205a1b52,,,True,False,True,True,,high,False,True,"The gold fact (fact_cbffb558205a1b52) states the user visited San Francisco in March 2023, which is five months before May 21, 2023, directly supporting 'five months ago'. No conflicting facts about the booking date exist. Other facts are irrelevant or topical. Duration is correct as the question requires interval arithmetic.",,,,
longmemeval::a3838d2b,longmemeval,How many charity events did I participate in before the 'Run for the Cure' event?,4,expanded_union:codex_assisted_llm,true,ordering,ordering,fact_019c005408847b84;fact_04870fd71783d9c6;fact_066081dbd899c649;fact_0b7d7004e7fae365;fact_43aee92a18137f5f;fact_5f86c6fa63ca2b05;fact_6a1d25fd432872c1;fact_bfe587d2bef77bdc;fact_c259bdb14baaf420;fact_cf161c73e6f9127c;fact_d9a8777389f00767;fact_ff5436ed11486d99,fact_019c005408847b84;fact_04870fd71783d9c6;fact_066081dbd899c649;fact_5f86c6fa63ca2b05;fact_6a1d25fd432872c1;fact_bfe587d2bef77bdc;fact_c259bdb14baaf420;fact_d9a8777389f00767,,,True,False,True,True,,high,False,True,"Gold facts include all events before 'Run for the Cure' on Oct 15, 2023. 'Bike-a-Thon' (Nov 2023) and 'Run for the Cure' (Nov 29) are after. Duplicate facts (e.g., 'Dance for a Cause') are consolidated. No conflicts: all facts align on event timing relative to Oct 15, 2023. Ordering is correct.",,,,
longmemeval::eac54add,longmemeval,What was the significant buisiness milestone I mentioned four weeks ago?,I signed a contract with my first client.,expanded_union:codex_assisted_llm,false,ordering,historical-state,fact_0b27bbaec269c8f1,fact_0b27bbaec269c8f1,,,False,True,True,True,,high,False,True,"The gold fact directly states the contract signing on March 1, 2023, matching the gold answer. No conflicting facts exist for the same event with incompatible dates. The question asks for a specific past milestone, fitting historical-state. Other facts are either irrelevant or describe different events.",,,,
longmemeval::gpt4_2655b836,longmemeval,What was the first issue I had with my new car after its first service?,GPS system not functioning correctly,mixed_method_outcomes,false,ordering,historical-state,fact_0340ea761b441048,fact_0340ea761b441048,,,False,True,True,True,,high,False,True,"The gold fact directly states the GPS system was replaced due to malfunction on March 22, 2023, supporting the first issue post-service. No conflicting facts about the GPS issue exist. The question asks for the first issue after service, which is best answered by a historical-state lookup. Other facts are irrelevant or about unrelated topics.",,,,
longmemeval::gpt4_2c50253f,longmemeval,What time do I wake up on Tuesdays and Thursdays?,6:45 AM,expanded_union:codex_assisted_llm,false,historical-state,current-vs-old,fact_40152d019722a048;fact_d717312366361792,fact_40152d019722a048;fact_d717312366361792,fact_113a1d73374b0311,fact_113a1d73374b0311,False,True,True,True,,high,False,True,"The gold facts establish the current wake-up time (6:45 AM) post-May 27, 2023, via a 15-minute earlier start. The conflict fact states a prior wake-up time of 8:30 AM, directly contrasting the current state. The question asks for the current time on recurring days, requiring a current-vs-old comparison. Historical-state is incorrect as it implies a static lookup, not a change over time.",,,,
longmemeval::gpt4_2f56ae70,longmemeval,Which streaming service did I start using most recently?,Disney+,control,false,current-vs-old,current-vs-old,fact_97cdd3337dcfbef0;fact_e6e2060f2598e0bb,fact_97cdd3337dcfbef0;fact_e6e2060f2598e0bb,,fact_b89074f5ca5baacb,True,True,False,True,,high,False,True,"Gold facts establish current use of Apple TV+ and recent Disney+ trial start. Conflict fact (b89074f5ca5baacb) claims long-term use of Amazon Prime, contradicting Disney+ as most recent. Other facts are irrelevant or descriptive. Temporal type correctly identifies comparison between current and past usage.",,,,
longmemeval::gpt4_2f584639,longmemeval,"Which gift did I buy first, the necklace for my sister or the photo album for my mom?",the photo album for my mom,mixed_method_outcomes,false,ordering,ordering,fact_0bf107fcbd5e3987;fact_ccd0435b23bfeccf;fact_d247f30dc2691069;fact_f05b6a030d18c096,fact_0bf107fcbd5e3987;fact_ccd0435b23bfeccf;fact_d247f30dc2691069;fact_f05b6a030d18c096,,fact_8a6e34d3949a3e7f;fact_ac85360fc15a8fc6,True,True,False,True,,high,False,True,"Gold facts establish purchase timing: photo album ordered May 16 (two weeks before), necklace purchased May 23 or 30. Conflict facts contradict purchase order: one says necklace bought last weekend (May 23), another says May 30. Both conflict with gold timeline. All facts align with ordering type. No extra gold or conflict facts beyond limits.",,,,
longmemeval::gpt4_468eb064,longmemeval,Who did I meet with during the lunch last Tuesday?,Emma,control,true,current-vs-old,historical-state,fact_6533ed807a464697,fact_6533ed807a464697,,,False,True,True,True,,high,False,True,"The question asks for a specific person met during a past lunch, directly answered by fact_6533ed807a464697. No conflicting facts about the meeting exist. Other facts are topically related but not about the same event. The temporal operation is a direct lookup of a past event, fitting 'historical-state'.",,,,
longmemeval::gpt4_4edbafa2,longmemeval,What was the date on which I attended the first BBQ event in June?,June 3rd,expanded_union:codex_assisted_llm,false,ordering,historical-state,fact_5660f9c09a3bd87c;fact_7c2003672c1a28dd;fact_fb6c608a043a50b2;fact_fd45b8e78ef46060,fact_fd45b8e78ef46060,,,False,False,True,True,,high,False,True,"The question asks for the date of the first BBQ event in June, which is a direct factual lookup. Only fact_fd45b8e78ef46060 provides the correct date (June 3, 2023). Other facts are either about later dates, unrelated events, or current interests. No conflicting date is present. The proposed 'ordering' type is incorrect; this is a historical-state query.",,,,
longmemeval::gpt4_5dcc0aab,longmemeval,Which pair of shoes did I clean last month?,white Adidas sneakers,control,true,current-vs-old,current-vs-old,fact_28b89c06f3f83822;fact_4f5aeed43b66ef4b;fact_cab22aebe178de4c,fact_4f5aeed43b66ef4b;fact_53a619e68b19743d;fact_9c3f8679b503e775,,fact_cc9092549a8ae329,True,False,False,True,,high,False,True,Gold facts establish current ownership and recent cleaning of Adidas sneakers. Conflict arises from cleaning in April (fact_cc9092549a8ae329) vs. today (fact_53a619e68b19743d). Vans and Converse facts are irrelevant. 'Current-vs-old' is correct: comparing cleaning status across time.,,,,
longmemeval::gpt4_b5700ca0,longmemeval,Where did I attend the religious activity last week?,the Episcopal Church,mixed_method_outcomes,false,current-vs-old,historical-state,fact_5753155e155bfb88,fact_5753155e155bfb88,,,False,True,True,True,,high,False,True,"The gold fact directly supports the answer: attending a Maundy Thursday service at an Episcopal Church on or before April 6, 2023, aligns with 'last week' relative to the reference date. No conflicting facts state the same event with a different location. Other facts are topically related but not relevant to the specific event. The question asks for a past location, fitting historical-state.",,,,
longmemeval::gpt4_e414231f,longmemeval,Which bike did I fixed or serviced the past weekend?,road bike,expanded_union:codex_assisted_llm,false,temporal-other,historical-state,fact_4de5056ebc4eb9d8;fact_66282f5ae16503e6;fact_738b825e176fa4c5;fact_88782c0159262ee2;fact_9e24c2c9f9020f49,fact_4de5056ebc4eb9d8;fact_66282f5ae16503e6;fact_738b825e176fa4c5;fact_88782c0159262ee2;fact_9e24c2c9f9020f49,fact_089112cc61593f9b;fact_74f0188e59573255;fact_917fa15fcb0b37dd,fact_089112cc61593f9b;fact_74f0188e59573255;fact_917fa15fcb0b37dd,False,True,True,True,,high,False,True,"Gold facts confirm the road bike's ownership and maintenance intent around the past weekend. Conflict facts involve mountain bike repairs, which are topically related but describe a different bike. No temporal reasoning beyond direct state lookup is needed. The proposed 'temporal-other' is incorrect; this is a historical-state case.",,,,
longmemeval::gpt4_ec93e27f,longmemeval,"Which mode of transport did I use most recently, a bus or a train?",train,high_heuristic_conflict,false,current-vs-old,current-vs-old,fact_497d764de3b6a5fc;fact_4fb6548ac3bcbbb4;fact_a1c7925413914498;fact_b3b0a52d9f902373,fact_497d764de3b6a5fc;fact_4fb6548ac3bcbbb4;fact_a1c7925413914498;fact_b3b0a52d9f902373,,fact_540a6dc3c7b2a337;fact_eb0dd9804eb0d9b9,True,True,False,True,,high,False,True,"Gold facts support recent train use and intent. Conflict facts show recent bus use and daily bus commute, contradicting 'train' as most recent. 'Recently' and 'today' references align with reference date. No additional valid conflicts beyond two. All facts are topically relevant and temporally anchored.",,,,
