qid,session_id,tree_id,tree_type,is_global_fallback,fact_count,same_tree_collision
28dc39ac,1c1f5ccc_2,entity:cultural_adaptation,entity,False,2,True
28dc39ac,1c1f5ccc_2,entity:india,entity,False,7,True
28dc39ac,1c1f5ccc_2,entity:united_states,entity,False,4,True
28dc39ac,1c1f5ccc_2,entity:us,entity,False,5,True
28dc39ac,1c1f5ccc_2,entity:user,entity,True,12,True
28dc39ac,1c1f5ccc_2,tree:scene:cultural_events_cultural_exploration_fb840e9b,scene,False,1,False
28dc39ac,1c1f5ccc_2,tree:scene:cultural_studies_youth_culture_682042bb,scene,False,1,False
28dc39ac,1c1f5ccc_2,tree:scene:culture_festivals_96135fcd,scene,False,10,True
28dc39ac,1c1f5ccc_2,tree:scene:documentary_a79e65b5,scene,False,2,True
28dc39ac,1c1f5ccc_2,tree:scene:family_family_history_81f642a7,scene,False,8,True
28dc39ac,1c1f5ccc_2,tree:scene:food_blogging_87a53609,scene,False,3,True
28dc39ac,1c1f5ccc_2,tree:scene:food_coffee_2d79cd4b,scene,False,3,True
28dc39ac,1c1f5ccc_2,tree:scene:history_c6ebbda2,scene,False,3,True
28dc39ac,1c1f5ccc_2,tree:scene:identity_5a6e10d6,scene,False,1,False
28dc39ac,1c1f5ccc_2,tree:scene:literature_science_fiction_2829e25d,scene,False,3,True
28dc39ac,1c1f5ccc_2,tree:scene:migration_immigration_experience_ba4175d1,scene,False,2,True
28dc39ac,1c1f5ccc_2,tree:scene:philosophy_194fd46f,scene,False,1,False
28dc39ac,1c1f5ccc_2,tree:scene:religion_ddf93d99,scene,False,1,False
28dc39ac,2aa01951_2,entity:user,entity,True,7,True
28dc39ac,2aa01951_2,tree:scene:food_f958f651,scene,False,3,True
28dc39ac,2aa01951_2,tree:scene:food_meal_planning_79896163,scene,False,29,True
28dc39ac,3e59ee68_2,entity:user,entity,True,10,True
28dc39ac,3e59ee68_2,tree:scene:education_learning_440ca0fb,scene,False,1,False
28dc39ac,3e59ee68_2,tree:scene:gardening_potting_mix_b2746e02,scene,False,28,True
28dc39ac,3e59ee68_2,tree:scene:home_environment_8545ee6b,scene,False,3,True
28dc39ac,3e59ee68_2,tree:scene:plant_care_indoor_plants_db1a1bf1,scene,False,3,True
28dc39ac,3f5df138_1,entity:cultural_adaptation,entity,False,1,False
28dc39ac,3f5df138_1,entity:user,entity,True,13,True
28dc39ac,3f5df138_1,tree:scene:education_learning_440ca0fb,scene,False,1,False
28dc39ac,3f5df138_1,tree:scene:family_family_history_81f642a7,scene,False,8,True
28dc39ac,3f5df138_1,tree:scene:health_morning_routine_67cd11aa,scene,False,21,True
28dc39ac,3f5df138_1,tree:scene:legal_adoption_process_ecbd1465,scene,False,1,False
28dc39ac,3f5df138_1,tree:scene:mental_health_emotional_support_c6ffdc7f,scene,False,1,False
28dc39ac,3f5df138_1,tree:scene:social_social_interaction_a2cc0259,scene,False,1,False
28dc39ac,42bcee92_2,entity:disneyland,entity,False,15,True
28dc39ac,42bcee92_2,entity:user,entity,True,13,True
28dc39ac,42bcee92_2,tree:scene:entertainment_9e598a2a,scene,False,4,True
28dc39ac,42bcee92_2,tree:scene:entertainment_book_description_b3ab265b,scene,False,4,True
28dc39ac,42bcee92_2,tree:scene:fitness_warm-up_ca12afa9,scene,False,15,True
28dc39ac,42bcee92_2,tree:scene:nutrition_breakfast_91051b1b,scene,False,8,True
28dc39ac,42bcee92_2,tree:scene:travel_4e0c1da4,scene,False,1,False
28dc39ac,42bcee92_2,tree:scene:travel_a137e61f,scene,False,9,True
28dc39ac,49b7a8b7_2,entity:billie_eilish,entity,False,1,False
28dc39ac,49b7a8b7_2,entity:character_development,entity,False,2,True
28dc39ac,49b7a8b7_2,entity:chicago,entity,False,1,False
28dc39ac,49b7a8b7_2,entity:geralt,entity,False,7,True
28dc39ac,49b7a8b7_2,entity:geralt_of_rivia,entity,False,1,False
28dc39ac,49b7a8b7_2,entity:netflix,entity,False,1,False
28dc39ac,49b7a8b7_2,entity:stranger_things,entity,False,5,True
28dc39ac,49b7a8b7_2,entity:the_witcher,entity,False,12,True
28dc39ac,49b7a8b7_2,entity:user,entity,True,12,True
28dc39ac,49b7a8b7_2,tree:scene:entertainment_9e598a2a,scene,False,15,True
28dc39ac,49b7a8b7_2,tree:scene:entertainment_book_description_b3ab265b,scene,False,15,True
28dc39ac,49b7a8b7_2,tree:scene:entertainment_character_performance_6a835223,scene,False,1,False
28dc39ac,49b7a8b7_2,tree:scene:film_ae7f57c4,scene,False,16,True
28dc39ac,49b7a8b7_2,tree:scene:tv_character_relationship_a6eded86,scene,False,4,True
28dc39ac,4ed9cd1b_1,entity:user,entity,True,13,True
28dc39ac,4ed9cd1b_1,entity:yosemite_national_park,entity,False,1,False
28dc39ac,4ed9cd1b_1,tree:scene:consumer_goods_product_recommendation_b6b01b79,scene,False,5,True
28dc39ac,4ed9cd1b_1,tree:scene:fitness_warm-up_ca12afa9,scene,False,1,False
28dc39ac,4ed9cd1b_1,tree:scene:lifestyle_morning_routine_1b79b504,scene,False,5,True
28dc39ac,4ed9cd1b_1,tree:scene:outdoor_portability_ce69cfa4,scene,False,9,True
28dc39ac,4ed9cd1b_1,tree:scene:outdoor_recreation_hiking_103a4490,scene,False,4,True
28dc39ac,4ed9cd1b_1,tree:scene:outdoors_hiking_f7ac781c,scene,False,5,True
28dc39ac,4ed9cd1b_1,tree:scene:product_comparison_insulation_040e1b86,scene,False,2,True
28dc39ac,4ed9cd1b_1,tree:scene:travel_air_travel_2b520021,scene,False,6,True
28dc39ac,4ed9cd1b_1,tree:scene:travel_flight_pricing_85b419c0,scene,False,6,True
28dc39ac,53985dc3,entity:user,entity,True,6,True
28dc39ac,53985dc3,entity:yosemite_national_park,entity,False,10,True
28dc39ac,53985dc3,tree:scene:health_morning_routine_67cd11aa,scene,False,1,False
28dc39ac,53985dc3,tree:scene:nature_wildlife_458c2814,scene,False,4,True
28dc39ac,53985dc3,tree:scene:outdoor_recreation_hiking_103a4490,scene,False,6,True
28dc39ac,53985dc3,tree:scene:outdoors_hiking_f7ac781c,scene,False,8,True
28dc39ac,53985dc3,tree:scene:travel_air_travel_2b520021,scene,False,7,True
28dc39ac,53985dc3,tree:scene:travel_flight_pricing_85b419c0,scene,False,7,True
28dc39ac,549b442a_1,entity:black,entity,False,2,True
28dc39ac,549b442a_1,entity:navy,entity,False,2,True
28dc39ac,549b442a_1,entity:neutral_color,entity,False,2,True
28dc39ac,549b442a_1,entity:user,entity,True,15,True
28dc39ac,549b442a_1,entity:zara,entity,False,4,True
28dc39ac,549b442a_1,tree:scene:fashion_7cd2192a,scene,False,36,True
28dc39ac,549b442a_1,tree:scene:shopping_8e57585d,scene,False,2,True
28dc39ac,5854eebc_1,entity:billie_eilish,entity,False,6,True
28dc39ac,5854eebc_1,entity:netflix,entity,False,4,True
28dc39ac,5854eebc_1,entity:stranger_things,entity,False,3,True
28dc39ac,5854eebc_1,entity:user,entity,True,14,True
28dc39ac,5854eebc_1,tree:scene:entertainment_9e598a2a,scene,False,24,True
28dc39ac,5854eebc_1,tree:scene:entertainment_book_description_b3ab265b,scene,False,23,True
28dc39ac,5854eebc_1,tree:scene:film_ae7f57c4,scene,False,4,True
28dc39ac,5854eebc_1,tree:scene:literature_science_fiction_2829e25d,scene,False,4,True
28dc39ac,5854eebc_1,tree:scene:music_2da2a3e1,scene,False,5,True
28dc39ac,5854eebc_1,tree:scene:technology_ai_capabilities_aabf7509,scene,False,1,False
28dc39ac,5d5e80c5_2,entity:american_airlines,entity,False,18,True
28dc39ac,5d5e80c5_2,entity:business_class,entity,False,1,False
28dc39ac,5d5e80c5_2,entity:los_angeles,entity,False,2,True
28dc39ac,5d5e80c5_2,entity:new_york,entity,False,2,True
28dc39ac,5d5e80c5_2,entity:user,entity,True,10,True
28dc39ac,5d5e80c5_2,tree:scene:entertainment_9e598a2a,scene,False,1,False
28dc39ac,5d5e80c5_2,tree:scene:entertainment_book_description_b3ab265b,scene,False,1,False
28dc39ac,5d5e80c5_2,tree:scene:finance_loyalty_programs_bdcf3a3f,scene,False,4,True
28dc39ac,5d5e80c5_2,tree:scene:food_blogging_87a53609,scene,False,4,True
28dc39ac,5d5e80c5_2,tree:scene:food_coffee_2d79cd4b,scene,False,3,True
28dc39ac,5d5e80c5_2,tree:scene:travel_4e0c1da4,scene,False,3,True
28dc39ac,5d5e80c5_2,tree:scene:travel_air_travel_2b520021,scene,False,10,True
28dc39ac,5d5e80c5_2,tree:scene:travel_airline_services_5f810646,scene,False,11,True
28dc39ac,5d5e80c5_2,tree:scene:travel_flight_pricing_85b419c0,scene,False,10,True
28dc39ac,643434fd_3,entity:honey_syrup,entity,False,1,False
28dc39ac,643434fd_3,entity:lime_juice,entity,False,1,False
28dc39ac,643434fd_3,entity:user,entity,True,9,True
28dc39ac,643434fd_3,tree:scene:alcohol_cocktails_376eb774,scene,False,5,True
28dc39ac,643434fd_3,tree:scene:cooking_2820be66,scene,False,1,False
28dc39ac,643434fd_3,tree:scene:food_cocktails_6442b2fa,scene,False,23,True
28dc39ac,643434fd_3,tree:scene:food_cooking_76fce242,scene,False,4,True
28dc39ac,69306993_2,entity:user,entity,True,16,True
28dc39ac,69306993_2,tree:scene:art_creative_expression_ee64a3c8,scene,False,1,False
28dc39ac,69306993_2,tree:scene:creative_expression_memory_5a7e8af2,scene,False,4,True
28dc39ac,69306993_2,tree:scene:emotional_well-being_grief_7d3f6020,scene,False,3,True
28dc39ac,69306993_2,tree:scene:family_family_history_81f642a7,scene,False,5,True
28dc39ac,69306993_2,tree:scene:fitness_warm-up_ca12afa9,scene,False,1,False
28dc39ac,69306993_2,tree:scene:grief_e3d5d17e,scene,False,13,True
28dc39ac,69306993_2,tree:scene:mental_health_emotional_support_c6ffdc7f,scene,False,3,True
28dc39ac,69306993_2,tree:scene:personal_archiving_photo_preservation_1d0e9f53,scene,False,3,True
28dc39ac,69306993_2,tree:scene:personal_development_project_confidence_b6d8b826,scene,False,1,False
28dc39ac,69306993_2,tree:scene:personal_tribute_emotional_motivation_679672ae,scene,False,1,False
28dc39ac,69306993_2,tree:scene:technology_ai_capabilities_aabf7509,scene,False,5,True
28dc39ac,6ccadc2b,entity:honey_syrup,entity,False,2,True
28dc39ac,6ccadc2b,entity:lime_juice,entity,False,4,True
28dc39ac,6ccadc2b,entity:new_york,entity,False,1,False
28dc39ac,6ccadc2b,entity:user,entity,True,11,True
28dc39ac,6ccadc2b,tree:scene:entertaining_2e912f7d,scene,False,1,False
28dc39ac,6ccadc2b,tree:scene:food_blogging_87a53609,scene,False,13,True
28dc39ac,6ccadc2b,tree:scene:food_cocktails_6442b2fa,scene,False,21,True
28dc39ac,6ccadc2b,tree:scene:food_coffee_2d79cd4b,scene,False,13,True
28dc39ac,7b40cc76,entity:black,entity,False,1,False
28dc39ac,7b40cc76,entity:navy,entity,False,1,False
28dc39ac,7b40cc76,entity:us,entity,False,1,False
28dc39ac,7b40cc76,entity:user,entity,True,6,True
28dc39ac,7b40cc76,entity:zara,entity,False,2,True
28dc39ac,7b40cc76,tree:scene:fashion_01fc5aa5,scene,False,16,True
28dc39ac,7b40cc76,tree:scene:fashion_7cd2192a,scene,False,14,True
28dc39ac,95578ea8_2,entity:american_airlines,entity,False,5,True
28dc39ac,95578ea8_2,entity:business_class,entity,False,4,True
28dc39ac,95578ea8_2,entity:chicago,entity,False,2,True
28dc39ac,95578ea8_2,entity:los_angeles,entity,False,3,True
28dc39ac,95578ea8_2,entity:user,entity,True,13,True
28dc39ac,95578ea8_2,tree:scene:finance_loyalty_programs_bdcf3a3f,scene,False,5,True
28dc39ac,95578ea8_2,tree:scene:travel_01e124ef,scene,False,1,False
28dc39ac,95578ea8_2,tree:scene:travel_air_travel_2b520021,scene,False,31,True
28dc39ac,95578ea8_2,tree:scene:travel_flight_pricing_85b419c0,scene,False,31,True
28dc39ac,96da07f9_1,entity:user,entity,True,10,True
28dc39ac,96da07f9_1,tree:scene:education_learning_440ca0fb,scene,False,4,True
28dc39ac,96da07f9_1,tree:scene:food_blogging_87a53609,scene,False,10,True
28dc39ac,96da07f9_1,tree:scene:food_coffee_2d79cd4b,scene,False,11,True
28dc39ac,96da07f9_1,tree:scene:health_morning_routine_67cd11aa,scene,False,1,False
28dc39ac,96da07f9_1,tree:scene:lifestyle_morning_routine_1b79b504,scene,False,1,False
28dc39ac,96da07f9_1,tree:scene:nutrition_breakfast_91051b1b,scene,False,4,True
28dc39ac,96da07f9_1,tree:scene:productivity_task_prioritization_3e09be39,scene,False,12,True
28dc39ac,96da07f9_1,tree:scene:work_9d042972,scene,False,1,False
28dc39ac,a7cd1c0f_1,entity:amazon,entity,False,4,True
28dc39ac,a7cd1c0f_1,entity:user,entity,True,10,True
28dc39ac,a7cd1c0f_1,tree:scene:craft_gift_317307f2,scene,False,1,False
28dc39ac,a7cd1c0f_1,tree:scene:fashion_7cd2192a,scene,False,10,True
28dc39ac,a7cd1c0f_1,tree:scene:gift_12aeae6d,scene,False,2,True
28dc39ac,a7cd1c0f_1,tree:scene:gifts_gift-giving_45fe253f,scene,False,7,True
28dc39ac,a7cd1c0f_1,tree:scene:jewelry_gift_cb33b100,scene,False,7,True
28dc39ac,a7cd1c0f_1,tree:scene:shopping_8e57585d,scene,False,7,True
28dc39ac,answer_8d015d9d_1,entity:firewatch,entity,False,2,True
28dc39ac,answer_8d015d9d_1,entity:gone_home,entity,False,1,False
28dc39ac,answer_8d015d9d_1,entity:horizon_zero_dawn,entity,False,1,False
28dc39ac,answer_8d015d9d_1,entity:naughty_dog,entity,False,2,True
28dc39ac,answer_8d015d9d_1,entity:the_last_of_us_part_ii,entity,False,13,True
28dc39ac,answer_8d015d9d_1,entity:user,entity,True,9,True
28dc39ac,answer_8d015d9d_1,entity:what_remains_of_edith_finch,entity,False,2,True
28dc39ac,answer_8d015d9d_1,tree:scene:gaming_8bbc36ae,scene,False,14,True
28dc39ac,answer_8d015d9d_1,tree:scene:gaming_gameplay_design_e50f47d7,scene,False,4,True
28dc39ac,answer_8d015d9d_1,tree:scene:gaming_gaming_communities_3c6ff710,scene,False,1,False
28dc39ac,answer_8d015d9d_1,tree:scene:gaming_gaming_forums_9c120a85,scene,False,4,True
28dc39ac,answer_8d015d9d_1,tree:scene:gaming_gaming_gear_6c62505f,scene,False,5,True
28dc39ac,answer_8d015d9d_1,tree:scene:gaming_gaming_news_4ca02788,scene,False,5,True
28dc39ac,answer_8d015d9d_1,tree:scene:gaming_storytelling_f210f336,scene,False,9,True
28dc39ac,answer_8d015d9d_2,entity:aloy,entity,False,1,False
28dc39ac,answer_8d015d9d_2,entity:god_of_war_2018,entity,False,3,True
28dc39ac,answer_8d015d9d_2,entity:horizon_zero_dawn,entity,False,3,True
28dc39ac,answer_8d015d9d_2,entity:naughty_dog,entity,False,2,True
28dc39ac,answer_8d015d9d_2,entity:the_last_of_us_part_ii,entity,False,8,True
28dc39ac,answer_8d015d9d_2,entity:user,entity,True,6,True
28dc39ac,answer_8d015d9d_2,tree:scene:gaming_04e4f0f0,scene,False,8,True
28dc39ac,answer_8d015d9d_2,tree:scene:gaming_180c99cb,scene,False,2,True
28dc39ac,answer_8d015d9d_2,tree:scene:gaming_3d2ee1b3,scene,False,2,True
28dc39ac,answer_8d015d9d_2,tree:scene:gaming_8bbc36ae,scene,False,4,True
28dc39ac,answer_8d015d9d_2,tree:scene:gaming_caa58f52,scene,False,1,False
28dc39ac,answer_8d015d9d_2,tree:scene:gaming_magic_system_ef820ea4,scene,False,4,True
28dc39ac,answer_8d015d9d_2,tree:scene:gaming_story_1cf925dd,scene,False,10,True
28dc39ac,answer_8d015d9d_2,tree:scene:gaming_storytelling_f210f336,scene,False,4,True
28dc39ac,answer_8d015d9d_3,entity:aloy,entity,False,4,True
28dc39ac,answer_8d015d9d_3,entity:assassin_s_creed_odyssey,entity,False,7,True
28dc39ac,answer_8d015d9d_3,entity:geralt,entity,False,4,True
28dc39ac,answer_8d015d9d_3,entity:geralt_of_rivia,entity,False,3,True
28dc39ac,answer_8d015d9d_3,entity:horizon_zero_dawn,entity,False,6,True
28dc39ac,answer_8d015d9d_3,entity:red_dead_redemption_2,entity,False,5,True
28dc39ac,answer_8d015d9d_3,entity:the_witcher_3_wild_hunt,entity,False,3,True
28dc39ac,answer_8d015d9d_3,entity:user,entity,True,5,True
28dc39ac,answer_8d015d9d_3,tree:scene:gaming_8bbc36ae,scene,False,1,False
28dc39ac,answer_8d015d9d_3,tree:scene:gaming_magic_system_ef820ea4,scene,False,28,True
28dc39ac,answer_8d015d9d_3,tree:scene:gaming_story_1cf925dd,scene,False,28,True
28dc39ac,answer_8d015d9d_4,entity:celeste,entity,False,9,True
28dc39ac,answer_8d015d9d_4,entity:character_development,entity,False,1,False
28dc39ac,answer_8d015d9d_4,entity:firewatch,entity,False,2,True
28dc39ac,answer_8d015d9d_4,entity:gone_home,entity,False,2,True
28dc39ac,answer_8d015d9d_4,entity:hyper_light_drifter,entity,False,2,True
28dc39ac,answer_8d015d9d_4,entity:ori_and_the_blind_forest,entity,False,4,True
28dc39ac,answer_8d015d9d_4,entity:spelunky,entity,False,1,False
28dc39ac,answer_8d015d9d_4,entity:user,entity,True,6,True
28dc39ac,answer_8d015d9d_4,entity:what_remains_of_edith_finch,entity,False,12,True
28dc39ac,answer_8d015d9d_4,tree:scene:gaming_3d2ee1b3,scene,False,2,True
28dc39ac,answer_8d015d9d_4,tree:scene:gaming_8619c892,scene,False,5,True
28dc39ac,answer_8d015d9d_4,tree:scene:gaming_8bbc36ae,scene,False,4,True
28dc39ac,answer_8d015d9d_4,tree:scene:gaming_game_story_145ec7a8,scene,False,1,False
28dc39ac,answer_8d015d9d_4,tree:scene:gaming_game_story_1da2c906,scene,False,4,True
28dc39ac,answer_8d015d9d_4,tree:scene:gaming_storytelling_f210f336,scene,False,17,True
28dc39ac,answer_8d015d9d_5,entity:assassin_s_creed_odyssey,entity,False,1,False
28dc39ac,answer_8d015d9d_5,entity:celeste,entity,False,5,True
28dc39ac,answer_8d015d9d_5,entity:god_of_war_2018,entity,False,2,True
28dc39ac,answer_8d015d9d_5,entity:horizon_zero_dawn,entity,False,2,True
28dc39ac,answer_8d015d9d_5,entity:hyper_light_drifter,entity,False,2,True
28dc39ac,answer_8d015d9d_5,entity:ori_and_the_blind_forest,entity,False,2,True
28dc39ac,answer_8d015d9d_5,entity:red_dead_redemption_2,entity,False,1,False
28dc39ac,answer_8d015d9d_5,entity:spelunky,entity,False,2,True
28dc39ac,answer_8d015d9d_5,entity:the_last_of_us_part_ii,entity,False,2,True
28dc39ac,answer_8d015d9d_5,entity:the_witcher_3_wild_hunt,entity,False,1,False
28dc39ac,answer_8d015d9d_5,entity:user,entity,True,13,True
28dc39ac,answer_8d015d9d_5,tree:scene:gaming_50ac93bf,scene,False,1,False
28dc39ac,answer_8d015d9d_5,tree:scene:gaming_8bbc36ae,scene,False,16,True
28dc39ac,answer_8d015d9d_5,tree:scene:gaming_console_release_38852236,scene,False,2,True
28dc39ac,answer_8d015d9d_5,tree:scene:gaming_magic_system_ef820ea4,scene,False,26,True
28dc39ac,answer_8d015d9d_5,tree:scene:gaming_story_1cf925dd,scene,False,20,True
28dc39ac,bfa499f7,entity:user,entity,True,17,True
28dc39ac,bfa499f7,tree:scene:birding_3470d9f1,scene,False,1,False
28dc39ac,bfa499f7,tree:scene:education_learning_440ca0fb,scene,False,3,True
28dc39ac,bfa499f7,tree:scene:nature_wildlife_458c2814,scene,False,23,True
28dc39ac,bfa499f7,tree:scene:outdoor_portability_ce69cfa4,scene,False,5,True
28dc39ac,bfa499f7,tree:scene:travel_4e0c1da4,scene,False,6,True
28dc39ac,c6bb96ce_6,entity:amazon,entity,False,1,False
28dc39ac,c6bb96ce_6,entity:neutral_color,entity,False,1,False
28dc39ac,c6bb96ce_6,entity:user,entity,True,13,True
28dc39ac,c6bb96ce_6,tree:scene:cleaning_fabric_maintenance_290ff135,scene,False,3,True
28dc39ac,c6bb96ce_6,tree:scene:furniture_shopping_fc33a4b2,scene,False,17,True
28dc39ac,c6bb96ce_6,tree:scene:home_decor_dd8ccd14,scene,False,9,True
28dc39ac,c6bb96ce_6,tree:scene:home_furnishings_furniture_care_abedf1cb,scene,False,1,False
28dc39ac,c6bb96ce_6,tree:scene:home_gift_ff58086c,scene,False,3,True
28dc39ac,c6bb96ce_6,tree:scene:home_maintenance_fabric_care_f1274ebc,scene,False,1,False
28dc39ac,c6bb96ce_6,tree:scene:interior_design_furniture_f96dcb96,scene,False,3,True
28dc39ac,c862f65a_2,entity:user,entity,True,8,True
28dc39ac,c862f65a_2,tree:scene:finance_loyalty_programs_bdcf3a3f,scene,False,9,True
28dc39ac,c862f65a_2,tree:scene:shopping_8e57585d,scene,False,19,True
28dc39ac,cbd18c72,entity:stretching_exercises,entity,False,2,True
28dc39ac,cbd18c72,entity:the_witcher,entity,False,1,False
28dc39ac,cbd18c72,entity:user,entity,True,24,True
28dc39ac,cbd18c72,tree:scene:entertainment_9e598a2a,scene,False,13,True
28dc39ac,cbd18c72,tree:scene:entertainment_book_description_b3ab265b,scene,False,13,True
28dc39ac,cbd18c72,tree:scene:fitness_warm-up_ca12afa9,scene,False,6,True
28dc39ac,cbd18c72,tree:scene:gaming_magic_system_ef820ea4,scene,False,2,True
28dc39ac,cbd18c72,tree:scene:gaming_story_1cf925dd,scene,False,2,True
28dc39ac,cbd18c72,tree:scene:lifestyle_morning_routine_1b79b504,scene,False,2,True
28dc39ac,cbd18c72,tree:scene:literature_science_fiction_2829e25d,scene,False,8,True
28dc39ac,cbd18c72,tree:scene:productivity_task_prioritization_3e09be39,scene,False,1,False
28dc39ac,cbd18c72,tree:scene:shopping_8e57585d,scene,False,4,True
28dc39ac,cbd18c72,tree:scene:transportation_commuting_7834a728,scene,False,3,True
28dc39ac,df003c93_3,entity:stretching_exercises,entity,False,1,False
28dc39ac,df003c93_3,entity:user,entity,True,7,True
28dc39ac,df003c93_3,tree:scene:fitness_warm-up_ca12afa9,scene,False,22,True
28dc39ac,df003c93_3,tree:scene:nutrition_breakfast_91051b1b,scene,False,4,True
28dc39ac,df003c93_3,tree:scene:running_b28fa67b,scene,False,1,False
28dc39ac,f5b33470_abs,entity:user,entity,True,18,True
28dc39ac,f5b33470_abs,tree:scene:blogging_2766167f,scene,False,5,True
28dc39ac,f5b33470_abs,tree:scene:coffee_6ba737c5,scene,False,1,False
28dc39ac,f5b33470_abs,tree:scene:cooking_2820be66,scene,False,7,True
28dc39ac,f5b33470_abs,tree:scene:food_blogging_87a53609,scene,False,26,True
28dc39ac,f5b33470_abs,tree:scene:food_coffee_2d79cd4b,scene,False,26,True
28dc39ac,f5b33470_abs,tree:scene:home_gift_ff58086c,scene,False,1,False
28dc39ac,f5b33470_abs,tree:scene:lifestyle_morning_routine_1b79b504,scene,False,1,False
28dc39ac,sharegpt_RuLt4Z6_0,entity:user,entity,True,1,False
28dc39ac,sharegpt_RuLt4Z6_0,tree:scene:communication_bd17fe2c,scene,False,2,True
28dc39ac,sharegpt_lciWqqK_53,entity:user,entity,True,3,True
28dc39ac,sharegpt_lciWqqK_53,tree:scene:data_science_data_analysis_f96ace56,scene,False,8,True
28dc39ac,sharegpt_lciWqqK_53,tree:scene:real_estate_real_estate_analysis_a3f48cad,scene,False,1,False
28dc39ac,sharegpt_lciWqqK_53,tree:scene:software_development_coding_064bac68,scene,False,1,False
28dc39ac,ultrachat_265736,entity:user,entity,True,1,False
28dc39ac,ultrachat_265736,tree:scene:astronomy_330faa38,scene,False,9,True
28dc39ac,ultrachat_265736,tree:scene:science_solar_system_c7812a30,scene,False,1,False
28dc39ac,ultrachat_265736,tree:scene:space_space_exploration_355f94ff,scene,False,3,True
28dc39ac,ultrachat_319214,entity:india,entity,False,1,False
28dc39ac,ultrachat_319214,entity:user,entity,True,3,True
28dc39ac,ultrachat_319214,tree:scene:environment_sustainability_b83c5069,scene,False,10,True
28dc39ac,ultrachat_319214,tree:scene:nature_wildlife_458c2814,scene,False,7,True
28dc39ac,ultrachat_319214,tree:scene:travel_air_travel_2b520021,scene,False,6,True
28dc39ac,ultrachat_319214,tree:scene:travel_flight_pricing_85b419c0,scene,False,6,True
28dc39ac,ultrachat_319214,tree:scene:wildlife_00a7af91,scene,False,1,False
28dc39ac,ultrachat_452868,entity:user,entity,True,4,True
28dc39ac,ultrachat_452868,tree:scene:sports_af3c711e,scene,False,27,True
28dc39ac,ultrachat_499533,entity:user,entity,True,2,True
28dc39ac,ultrachat_499533,tree:scene:literature_science_fiction_2829e25d,scene,False,17,True
28dc39ac,ultrachat_499533,tree:scene:politics_ead7df43,scene,False,5,True
28dc39ac,ultrachat_541509,entity:user,entity,True,1,False
28dc39ac,ultrachat_541509,tree:scene:arts_cultural_diversity_e9010361,scene,False,1,False
28dc39ac,ultrachat_541509,tree:scene:culture_festivals_96135fcd,scene,False,2,True
28dc39ac,ultrachat_541509,tree:scene:food_blogging_87a53609,scene,False,4,True
28dc39ac,ultrachat_541509,tree:scene:food_coffee_2d79cd4b,scene,False,4,True
28dc39ac,ultrachat_541509,tree:scene:history_c6ebbda2,scene,False,1,False
28dc39ac,ultrachat_541509,tree:scene:linguistics_d02e73a4,scene,False,10,True
28dc39ac,ultrachat_541509,tree:scene:literature_science_fiction_2829e25d,scene,False,1,False
28dc39ac,ultrachat_541509,tree:scene:music_2da2a3e1,scene,False,2,True
28dc39ac,ultrachat_548710,entity:disneyland,entity,False,17,True
28dc39ac,ultrachat_548710,entity:user,entity,True,5,True
28dc39ac,ultrachat_548710,tree:scene:finance_loyalty_programs_bdcf3a3f,scene,False,1,False
28dc39ac,ultrachat_548710,tree:scene:transportation_commuting_7834a728,scene,False,1,False
28dc39ac,ultrachat_548710,tree:scene:travel_4e0c1da4,scene,False,1,False
28dc39ac,ultrachat_548710,tree:scene:travel_a137e61f,scene,False,4,True
28dc39ac,ultrachat_548710,tree:scene:travel_airline_services_5f810646,scene,False,17,True
28dc39ac,ultrachat_548710,tree:scene:travel_transportation_25b54a63,scene,False,6,True
28dc39ac,ultrachat_572863,entity:united_states,entity,False,2,True
28dc39ac,ultrachat_572863,tree:scene:economics_employment_acd8fbaa,scene,False,2,True
28dc39ac,ultrachat_572863,tree:scene:space_space_exploration_355f94ff,scene,False,12,True
28dc39ac,ultrachat_572863,tree:scene:technology_ai_capabilities_aabf7509,scene,False,2,True
bc8a6e93,0394b98f,entity:user,entity,True,8,True
bc8a6e93,0394b98f,tree:scene:aquarium_dcf0203b,scene,False,30,True
bc8a6e93,0394b98f,tree:scene:finance_de2c7f7d,scene,False,2,True
bc8a6e93,05594106_1,entity:basil,entity,False,1,False
bc8a6e93,05594106_1,entity:user,entity,True,11,True
bc8a6e93,05594106_1,tree:scene:art_6372e5e1,scene,False,1,False
bc8a6e93,05594106_1,tree:scene:art_art_style_6e6ca1ac,scene,False,5,True
bc8a6e93,05594106_1,tree:scene:art_creativity_2fbde4e6,scene,False,6,True
bc8a6e93,05594106_1,tree:scene:gardening_plants_1124052d,scene,False,10,True
bc8a6e93,05594106_1,tree:scene:home_decor_3392b050,scene,False,2,True
bc8a6e93,05594106_1,tree:scene:home_organization_organization_087aafc8,scene,False,6,True
bc8a6e93,05594106_1,tree:scene:interior_design_a0f26799,scene,False,2,True
bc8a6e93,1cb7a6c4_4,entity:user,entity,True,37,True
bc8a6e93,1cb7a6c4_4,tree:scene:art_creativity_2fbde4e6,scene,False,53,True
bc8a6e93,316dc9f8,entity:user,entity,True,5,True
bc8a6e93,316dc9f8,tree:scene:gaming_92941061,scene,False,29,True
bc8a6e93,413b57cb_4,entity:chicago,entity,False,4,True
bc8a6e93,413b57cb_4,entity:japan,entity,False,2,True
bc8a6e93,413b57cb_4,entity:tokyo,entity,False,9,True
bc8a6e93,413b57cb_4,entity:user,entity,True,16,True
bc8a6e93,413b57cb_4,tree:scene:finance_de2c7f7d,scene,False,8,True
bc8a6e93,413b57cb_4,tree:scene:social_communication_37406471,scene,False,1,False
bc8a6e93,413b57cb_4,tree:scene:travel_7517d830,scene,False,1,False
bc8a6e93,413b57cb_4,tree:scene:travel_eco-friendly_accommodations_28604803,scene,False,12,True
bc8a6e93,413b57cb_4,tree:scene:travel_flight_experience_6093dee2,scene,False,1,False
bc8a6e93,413b57cb_4,tree:scene:travel_flight_itinerary_342c9c6f,scene,False,17,True
bc8a6e93,413b57cb_4,tree:scene:travel_trip_planning_9530d7de,scene,False,6,True
bc8a6e93,552c7fd0,entity:case_studies,entity,False,1,False
bc8a6e93,552c7fd0,entity:google_sheets,entity,False,2,True
bc8a6e93,552c7fd0,entity:user,entity,True,9,True
bc8a6e93,552c7fd0,tree:scene:career_f29af0bf,scene,False,11,True
bc8a6e93,552c7fd0,tree:scene:education_probability_29717905,scene,False,1,False
bc8a6e93,552c7fd0,tree:scene:leadership_0ba8dbad,scene,False,5,True
bc8a6e93,552c7fd0,tree:scene:personal_development_books_c4f7eeba,scene,False,1,False
bc8a6e93,552c7fd0,tree:scene:productivity_5fb5c762,scene,False,7,True
bc8a6e93,552c7fd0,tree:scene:professional_development_workshop_content_aaf6a4fd,scene,False,6,True
bc8a6e93,552c7fd0,tree:scene:project_management_performance_metrics_d01c326a,scene,False,1,False
bc8a6e93,552c7fd0,tree:scene:technology_fe1d34b9,scene,False,1,False
bc8a6e93,623ea729_1,entity:content_creation,entity,False,1,False
bc8a6e93,623ea729_1,entity:target_audience,entity,False,2,True
bc8a6e93,623ea729_1,entity:user,entity,True,8,True
bc8a6e93,623ea729_1,tree:scene:beauty_8ce12aae,scene,False,1,False
bc8a6e93,623ea729_1,tree:scene:fashion_clothing_98fecdff,scene,False,1,False
bc8a6e93,623ea729_1,tree:scene:health_44c5165b,scene,False,1,False
bc8a6e93,623ea729_1,tree:scene:health_cleaning_6e1ccf43,scene,False,1,False
bc8a6e93,623ea729_1,tree:scene:marketing_22a08027,scene,False,7,True
bc8a6e93,623ea729_1,tree:scene:marketing_607a0491,scene,False,24,True
bc8a6e93,6f8c03ab,entity:chia_seeds,entity,False,1,False
bc8a6e93,6f8c03ab,entity:instagram,entity,False,1,False
bc8a6e93,6f8c03ab,entity:tripadvisor,entity,False,1,False
bc8a6e93,6f8c03ab,entity:user,entity,True,4,True
bc8a6e93,6f8c03ab,entity:yelp,entity,False,2,True
bc8a6e93,6f8c03ab,tree:scene:cooking_5c9df0f8,scene,False,5,True
bc8a6e93,6f8c03ab,tree:scene:food_7c6da42d,scene,False,9,True
bc8a6e93,6f8c03ab,tree:scene:food_da8c8819,scene,False,9,True
bc8a6e93,6f8c03ab,tree:scene:food_vegan_cooking_c7838896,scene,False,9,True
bc8a6e93,76f45aa4_2,entity:user,entity,True,11,True
bc8a6e93,76f45aa4_2,tree:scene:electronics_9873f188,scene,False,29,True
bc8a6e93,76f45aa4_2,tree:scene:finance_de2c7f7d,scene,False,1,False
bc8a6e93,76f45aa4_2,tree:scene:outdoors_d3d12984,scene,False,1,False
bc8a6e93,76f45aa4_2,tree:scene:sustainability_06e35044,scene,False,1,False
bc8a6e93,76f45aa4_2,tree:scene:travel_eco-friendly_accommodations_28604803,scene,False,3,True
bc8a6e93,76f45aa4_2,tree:scene:travel_flight_itinerary_342c9c6f,scene,False,3,True
bc8a6e93,8c1da8f9_1,entity:bell_peppers,entity,False,2,True
bc8a6e93,8c1da8f9_1,entity:chicken_fajitas,entity,False,4,True
bc8a6e93,8c1da8f9_1,entity:facebook,entity,False,1,False
bc8a6e93,8c1da8f9_1,entity:home_cooking,entity,False,2,True
bc8a6e93,8c1da8f9_1,entity:instagram,entity,False,1,False
bc8a6e93,8c1da8f9_1,entity:olive_oil,entity,False,1,False
bc8a6e93,8c1da8f9_1,entity:tripadvisor,entity,False,1,False
bc8a6e93,8c1da8f9_1,entity:user,entity,True,10,True
bc8a6e93,8c1da8f9_1,entity:yelp,entity,False,1,False
bc8a6e93,8c1da8f9_1,tree:scene:delivery_4f41d987,scene,False,1,False
bc8a6e93,8c1da8f9_1,tree:scene:food_7c6da42d,scene,False,9,True
bc8a6e93,8c1da8f9_1,tree:scene:food_7eecec6d,scene,False,7,True
bc8a6e93,8c1da8f9_1,tree:scene:food_cuisine_bdcf551b,scene,False,3,True
bc8a6e93,8c1da8f9_1,tree:scene:food_da8c8819,scene,False,6,True
bc8a6e93,8c1da8f9_1,tree:scene:food_pastry_a39717a9,scene,False,4,True
bc8a6e93,8c1da8f9_1,tree:scene:food_vegan_cooking_c7838896,scene,False,12,True
bc8a6e93,8c1da8f9_1,tree:scene:social_communication_37406471,scene,False,1,False
bc8a6e93,8c1da8f9_1,tree:scene:technology_fe1d34b9,scene,False,1,False
bc8a6e93,a1b3dd27_1,entity:bell_peppers,entity,False,3,True
bc8a6e93,a1b3dd27_1,entity:chicken_fajitas,entity,False,1,False
bc8a6e93,a1b3dd27_1,entity:coconut_milk,entity,False,1,False
bc8a6e93,a1b3dd27_1,entity:home_cooking,entity,False,1,False
bc8a6e93,a1b3dd27_1,entity:olive_oil,entity,False,1,False
bc8a6e93,a1b3dd27_1,entity:parmesan_cheese,entity,False,2,True
bc8a6e93,a1b3dd27_1,entity:soy_sauce,entity,False,3,True
bc8a6e93,a1b3dd27_1,entity:user,entity,True,13,True
bc8a6e93,a1b3dd27_1,tree:scene:cooking_5c9df0f8,scene,False,11,True
bc8a6e93,a1b3dd27_1,tree:scene:food_7eecec6d,scene,False,7,True
bc8a6e93,a1b3dd27_1,tree:scene:food_pastry_a39717a9,scene,False,14,True
bc8a6e93,a1b3dd27_1,tree:scene:food_vegan_cooking_c7838896,scene,False,23,True
bc8a6e93,a6c41826_3,entity:new_york_city,entity,False,2,True
bc8a6e93,a6c41826_3,entity:uk,entity,False,1,False
bc8a6e93,a6c41826_3,entity:user,entity,True,9,True
bc8a6e93,a6c41826_3,tree:scene:entertainment_audiobooks_ab1e5add,scene,False,2,True
bc8a6e93,a6c41826_3,tree:scene:events_171c0eeb,scene,False,1,False
bc8a6e93,a6c41826_3,tree:scene:fashion_clothing_98fecdff,scene,False,2,True
bc8a6e93,a6c41826_3,tree:scene:music_artist_recommendation_5c918c50,scene,False,25,True
bc8a6e93,a6c41826_3,tree:scene:travel_eco-friendly_accommodations_28604803,scene,False,1,False
bc8a6e93,a6c41826_3,tree:scene:travel_weather_prep_4aeb852a,scene,False,1,False
bc8a6e93,answer_e6143162,entity:user,entity,True,9,True
bc8a6e93,answer_e6143162,tree:scene:food_7c6da42d,scene,False,33,True
bc8a6e93,b869d7ed_2,entity:facebook,entity,False,1,False
bc8a6e93,b869d7ed_2,entity:instagram,entity,False,1,False
bc8a6e93,b869d7ed_2,entity:rachel,entity,False,1,False
bc8a6e93,b869d7ed_2,entity:user,entity,True,11,True
bc8a6e93,b869d7ed_2,entity:yelp,entity,False,1,False
bc8a6e93,b869d7ed_2,tree:scene:ai_capabilities_3128654c,scene,False,1,False
bc8a6e93,b869d7ed_2,tree:scene:digital_marketing_seo_27b7b67e,scene,False,1,False
bc8a6e93,b869d7ed_2,tree:scene:family_family_safety_cffcfc3f,scene,False,9,True
bc8a6e93,b869d7ed_2,tree:scene:family_living_family_404a3a68,scene,False,1,False
bc8a6e93,b869d7ed_2,tree:scene:home_design_online_directories_68d8f1bb,scene,False,3,True
bc8a6e93,b869d7ed_2,tree:scene:home_improvement_local_services_34864b2b,scene,False,1,False
bc8a6e93,b869d7ed_2,tree:scene:home_safety_e7047067,scene,False,5,True
bc8a6e93,b869d7ed_2,tree:scene:home_storage_06aad426,scene,False,4,True
bc8a6e93,b869d7ed_2,tree:scene:party_decorations_e9ee5908,scene,False,1,False
bc8a6e93,b869d7ed_2,tree:scene:real_estate_deeaf915,scene,False,1,False
bc8a6e93,b869d7ed_2,tree:scene:safety_play_equipment_8ebeabac,scene,False,4,True
bc8a6e93,b869d7ed_2,tree:scene:social_communication_37406471,scene,False,1,False
bc8a6e93,b869d7ed_2,tree:scene:social_networks_networking_1ffdc566,scene,False,1,False
bc8a6e93,b869d7ed_2,tree:scene:technology_fe1d34b9,scene,False,2,True
bc8a6e93,bc53dae7,entity:chia_seeds,entity,False,1,False
bc8a6e93,bc53dae7,entity:rachel,entity,False,2,True
bc8a6e93,bc53dae7,entity:user,entity,True,12,True
bc8a6e93,bc53dae7,tree:scene:cooking_5c9df0f8,scene,False,1,False
bc8a6e93,bc53dae7,tree:scene:fitness_exercise_1d57cec3,scene,False,18,True
bc8a6e93,bc53dae7,tree:scene:health_44c5165b,scene,False,5,True
bc8a6e93,bc53dae7,tree:scene:health_cleaning_6e1ccf43,scene,False,5,True
bc8a6e93,bc53dae7,tree:scene:lifestyle_information_access_0fb6b5b5,scene,False,1,False
bc8a6e93,bc53dae7,tree:scene:nutrition_c63cbc52,scene,False,8,True
bc8a6e93,bc53dae7,tree:scene:technology_fe1d34b9,scene,False,3,True
bc8a6e93,c6bed037_1,entity:case_studies,entity,False,1,False
bc8a6e93,c6bed037_1,entity:content_creation,entity,False,4,True
bc8a6e93,c6bed037_1,entity:february_10_2023,entity,False,1,False
bc8a6e93,c6bed037_1,entity:google_sheets,entity,False,1,False
bc8a6e93,c6bed037_1,entity:seo,entity,False,4,True
bc8a6e93,c6bed037_1,entity:target_audience,entity,False,1,False
bc8a6e93,c6bed037_1,entity:user,entity,True,24,True
bc8a6e93,c6bed037_1,tree:scene:content_creation_593a8946,scene,False,1,False
bc8a6e93,c6bed037_1,tree:scene:content_strategy_content_creation_a581633f,scene,False,1,False
bc8a6e93,c6bed037_1,tree:scene:digital_marketing_seo_27b7b67e,scene,False,22,True
bc8a6e93,c6bed037_1,tree:scene:digital_strategy_seo_e405ae6d,scene,False,2,True
bc8a6e93,c6bed037_1,tree:scene:marketing_8ab0da52,scene,False,11,True
bc8a6e93,c6bed037_1,tree:scene:professional_development_workshop_content_aaf6a4fd,scene,False,2,True
bc8a6e93,c6bed037_1,tree:scene:seo_cfe4ee24,scene,False,1,False
bc8a6e93,c6bed037_1,tree:scene:social_media_5f3a83a4,scene,False,1,False
bc8a6e93,c6bed037_1,tree:scene:web_development_technical_seo_3aa5edea,scene,False,2,True
bc8a6e93,c6bed037_1,tree:scene:writing_content_creation_414fda7d,scene,False,1,False
bc8a6e93,c886e128_1,entity:japan,entity,False,2,True
bc8a6e93,c886e128_1,entity:soy_sauce,entity,False,1,False
bc8a6e93,c886e128_1,entity:tokyo,entity,False,2,True
bc8a6e93,c886e128_1,entity:user,entity,True,12,True
bc8a6e93,c886e128_1,tree:scene:culture_urban_life_7e7d91b8,scene,False,1,False
bc8a6e93,c886e128_1,tree:scene:drinks_bars_ec93f1da,scene,False,1,False
bc8a6e93,c886e128_1,tree:scene:food_cuisine_bdcf551b,scene,False,17,True
bc8a6e93,c886e128_1,tree:scene:outdoor_parks_6cf1e2a3,scene,False,1,False
bc8a6e93,c886e128_1,tree:scene:pet_pet-friendly_96286031,scene,False,1,False
bc8a6e93,c886e128_1,tree:scene:shopping_441af4d7,scene,False,4,True
bc8a6e93,c886e128_1,tree:scene:travel_eco-friendly_accommodations_28604803,scene,False,10,True
bc8a6e93,c886e128_1,tree:scene:travel_flight_itinerary_342c9c6f,scene,False,6,True
bc8a6e93,c886e128_1,tree:scene:travel_transportation_0d48b879,scene,False,4,True
bc8a6e93,c886e128_1,tree:scene:urban_life_22da2099,scene,False,1,False
bc8a6e93,f5b91491,entity:user,entity,True,9,True
bc8a6e93,f5b91491,tree:scene:cleaning_dace091a,scene,False,17,True
bc8a6e93,f5b91491,tree:scene:health_cleaning_6e1ccf43,scene,False,1,False
bc8a6e93,f5b91491,tree:scene:home_organization_organization_087aafc8,scene,False,1,False
bc8a6e93,f5b91491,tree:scene:home_storage_06aad426,scene,False,5,True
bc8a6e93,f5b91491,tree:scene:household_surface_safety_12c3ec06,scene,False,5,True
bc8a6e93,f5b91491,tree:scene:personal_care_organization_11e3545f,scene,False,4,True
bc8a6e93,f62bfe2b_1,entity:february_10_2023,entity,False,2,True
bc8a6e93,f62bfe2b_1,entity:user,entity,True,11,True
bc8a6e93,f62bfe2b_1,tree:scene:entertainment_audiobooks_ab1e5add,scene,False,6,True
bc8a6e93,f62bfe2b_1,tree:scene:literature_historical_fiction_24ef4b00,scene,False,27,True
bc8a6e93,f906baa7_2,entity:email_marketing,entity,False,1,False
bc8a6e93,f906baa7_2,entity:facebook,entity,False,4,True
bc8a6e93,f906baa7_2,entity:user,entity,True,10,True
bc8a6e93,f906baa7_2,tree:scene:analytics_marketing_db456ad3,scene,False,1,False
bc8a6e93,f906baa7_2,tree:scene:content_marketing_af8a33cd,scene,False,1,False
bc8a6e93,f906baa7_2,tree:scene:digital_advertising_fcee2445,scene,False,1,False
bc8a6e93,f906baa7_2,tree:scene:finance_de2c7f7d,scene,False,1,False
bc8a6e93,f906baa7_2,tree:scene:marketing_607a0491,scene,False,6,True
bc8a6e93,f906baa7_2,tree:scene:marketing_8ab0da52,scene,False,21,True
bc8a6e93,f906baa7_2,tree:scene:social_media_5f3a83a4,scene,False,3,True
bc8a6e93,sharegpt_0zmhU11_0,tree:scene:personality_social_behavior_362f1459,scene,False,4,True
bc8a6e93,sharegpt_8Sq4v0t_9,entity:user,entity,True,1,False
bc8a6e93,sharegpt_8Sq4v0t_9,tree:scene:animation_da24a994,scene,False,4,True
bc8a6e93,sharegpt_8Sq4v0t_9,tree:scene:creative_scripting_fa75eb80,scene,False,2,True
bc8a6e93,sharegpt_FXLPiDK_0,entity:user,entity,True,1,False
bc8a6e93,sharegpt_FXLPiDK_0,tree:scene:health_44c5165b,scene,False,2,True
bc8a6e93,sharegpt_FXLPiDK_0,tree:scene:health_cleaning_6e1ccf43,scene,False,2,True
bc8a6e93,sharegpt_FXLPiDK_0,tree:scene:mental_health_self-care_22b575cd,scene,False,11,True
bc8a6e93,sharegpt_FXLPiDK_0,tree:scene:psychology_mental_health_8649fc47,scene,False,5,True
bc8a6e93,sharegpt_FXLPiDK_0,tree:scene:social_communication_37406471,scene,False,1,False
bc8a6e93,sharegpt_FXLPiDK_0,tree:scene:work_workplace_58ef25b7,scene,False,2,True
bc8a6e93,sharegpt_Jv9Cdtr_0,entity:user,entity,True,2,True
bc8a6e93,sharegpt_Jv9Cdtr_0,tree:scene:finance_de2c7f7d,scene,False,14,True
bc8a6e93,sharegpt_Jv9Cdtr_0,tree:scene:fundraising_pitch_improvement_6b53642a,scene,False,4,True
bc8a6e93,sharegpt_Jv9Cdtr_0,tree:scene:health_44c5165b,scene,False,3,True
bc8a6e93,sharegpt_Jv9Cdtr_0,tree:scene:health_cleaning_6e1ccf43,scene,False,3,True
bc8a6e93,sharegpt_Jv9Cdtr_0,tree:scene:healthcare_product_availability_cd6bb9e5,scene,False,3,True
bc8a6e93,sharegpt_Jv9Cdtr_0,tree:scene:startup_fundraising_30389596,scene,False,5,True
bc8a6e93,sharegpt_PAveUvy_0,entity:user,entity,True,10,True
bc8a6e93,sharegpt_PAveUvy_0,tree:scene:agility_efb64dfc,scene,False,7,True
bc8a6e93,sharegpt_PAveUvy_0,tree:scene:education_probability_29717905,scene,False,13,True
bc8a6e93,sharegpt_PAveUvy_0,tree:scene:math_4b456402,scene,False,5,True
bc8a6e93,sharegpt_PAveUvy_0,tree:scene:mathematics_probability_566c0901,scene,False,5,True
bc8a6e93,sharegpt_Us25gXO_18,entity:user,entity,True,8,True
bc8a6e93,sharegpt_Us25gXO_18,tree:scene:photography_2dd98245,scene,False,12,True
bc8a6e93,sharegpt_W9DAhiE_0,entity:new_york_city,entity,False,2,True
bc8a6e93,sharegpt_W9DAhiE_0,entity:san_francisco,entity,False,5,True
bc8a6e93,sharegpt_W9DAhiE_0,entity:user,entity,True,4,True
bc8a6e93,sharegpt_W9DAhiE_0,entity:yelp,entity,False,1,False
bc8a6e93,sharegpt_W9DAhiE_0,tree:scene:food_cuisine_bdcf551b,scene,False,17,True
bc8a6e93,sharegpt_W9DAhiE_0,tree:scene:travel_eco-friendly_accommodations_28604803,scene,False,3,True
bc8a6e93,sharegpt_W9DAhiE_0,tree:scene:travel_flight_itinerary_342c9c6f,scene,False,3,True
bc8a6e93,sharegpt_jl0GWjL_0,entity:user,entity,True,3,True
bc8a6e93,sharegpt_jl0GWjL_0,tree:scene:consumer_products_reference_material_ae83465c,scene,False,2,True
bc8a6e93,sharegpt_jl0GWjL_0,tree:scene:health_44c5165b,scene,False,8,True
bc8a6e93,sharegpt_jl0GWjL_0,tree:scene:health_cleaning_6e1ccf43,scene,False,8,True
bc8a6e93,sharegpt_jl0GWjL_0,tree:scene:healthcare_product_availability_cd6bb9e5,scene,False,27,True
bc8a6e93,sharegpt_jl0GWjL_0,tree:scene:home_safety_e7047067,scene,False,4,True
bc8a6e93,sharegpt_jl0GWjL_0,tree:scene:product_durability_material_8290837f,scene,False,1,False
bc8a6e93,sharegpt_jl0GWjL_0,tree:scene:shopping_441af4d7,scene,False,1,False
bc8a6e93,sharegpt_lz0ys5C_19,entity:user,entity,True,5,True
bc8a6e93,sharegpt_lz0ys5C_19,tree:scene:business_sales_235d0902,scene,False,1,False
bc8a6e93,sharegpt_lz0ys5C_19,tree:scene:education_probability_29717905,scene,False,3,True
bc8a6e93,sharegpt_lz0ys5C_19,tree:scene:finance_de2c7f7d,scene,False,1,False
bc8a6e93,sharegpt_lz0ys5C_19,tree:scene:sales_eca578d1,scene,False,16,True
bc8a6e93,sharegpt_lz0ys5C_19,tree:scene:training_cb507a33,scene,False,5,True
bc8a6e93,sharegpt_qyWsgp8_13,tree:scene:fantasy_combat_encounters_bc1f401e,scene,False,16,True
bc8a6e93,sharegpt_qyWsgp8_13,tree:scene:gaming_92941061,scene,False,1,False
bc8a6e93,sharegpt_qyWsgp8_13,tree:scene:horror_threat_8d5e9106,scene,False,1,False
bc8a6e93,sharegpt_qyWsgp8_13,tree:scene:philosophy_458ad1bb,scene,False,1,False
bc8a6e93,sharegpt_tFAvE80_0,entity:case_studies,entity,False,1,False
bc8a6e93,sharegpt_tFAvE80_0,entity:email_marketing,entity,False,2,True
bc8a6e93,sharegpt_tFAvE80_0,entity:facebook,entity,False,1,False
bc8a6e93,sharegpt_tFAvE80_0,entity:instagram,entity,False,1,False
bc8a6e93,sharegpt_tFAvE80_0,entity:seo,entity,False,1,False
bc8a6e93,sharegpt_tFAvE80_0,entity:user,entity,True,5,True
bc8a6e93,sharegpt_tFAvE80_0,tree:scene:business_development_networking_fd63d2e9,scene,False,1,False
bc8a6e93,sharegpt_tFAvE80_0,tree:scene:business_sales_235d0902,scene,False,1,False
bc8a6e93,sharegpt_tFAvE80_0,tree:scene:content_marketing_af8a33cd,scene,False,1,False
bc8a6e93,sharegpt_tFAvE80_0,tree:scene:digital_advertising_fcee2445,scene,False,1,False
bc8a6e93,sharegpt_tFAvE80_0,tree:scene:marketing_8ab0da52,scene,False,28,True
bc8a6e93,sharegpt_tFAvE80_0,tree:scene:web_website_9cdbf7f4,scene,False,1,False
bc8a6e93,sharegpt_xuR7z91_24,entity:user,entity,True,1,False
bc8a6e93,sharegpt_xuR7z91_24,tree:scene:retail_retail_locations_71f81ee1,scene,False,1,False
bc8a6e93,sharegpt_xuR7z91_24,tree:scene:system_data_processing_f03ccf66,scene,False,2,True
bc8a6e93,ultrachat_133339,entity:ai_language_model,entity,False,1,False
bc8a6e93,ultrachat_133339,entity:user,entity,True,1,False
bc8a6e93,ultrachat_133339,tree:scene:education_maritime_0d8dc9d3,scene,False,4,True
bc8a6e93,ultrachat_133339,tree:scene:education_probability_29717905,scene,False,4,True
bc8a6e93,ultrachat_133339,tree:scene:maritime_sailing_0d6370dd,scene,False,7,True
bc8a6e93,ultrachat_133339,tree:scene:travel_eco-friendly_accommodations_28604803,scene,False,4,True
bc8a6e93,ultrachat_133339,tree:scene:travel_flight_itinerary_342c9c6f,scene,False,4,True
bc8a6e93,ultrachat_152561,entity:chia_seeds,entity,False,1,False
bc8a6e93,ultrachat_152561,entity:user,entity,True,8,True
bc8a6e93,ultrachat_152561,tree:scene:health_44c5165b,scene,False,28,True
bc8a6e93,ultrachat_152561,tree:scene:health_cleaning_6e1ccf43,scene,False,3,True
bc8a6e93,ultrachat_152561,tree:scene:medical_gynecology_57781f98,scene,False,2,True
bc8a6e93,ultrachat_176823,entity:ai_language_model,entity,False,2,True
bc8a6e93,ultrachat_176823,entity:tripadvisor,entity,False,1,False
bc8a6e93,ultrachat_176823,entity:user,entity,True,7,True
bc8a6e93,ultrachat_176823,tree:scene:ai_capabilities_3128654c,scene,False,1,False
bc8a6e93,ultrachat_176823,tree:scene:ai_interaction_ai_capabilities_03ef6dc8,scene,False,1,False
bc8a6e93,ultrachat_176823,tree:scene:apology_5a6437e1,scene,False,2,True
bc8a6e93,ultrachat_176823,tree:scene:food_cuisine_bdcf551b,scene,False,8,True
bc8a6e93,ultrachat_176823,tree:scene:frustration_3b015c9c,scene,False,3,True
bc8a6e93,ultrachat_176823,tree:scene:functionality_792fe83a,scene,False,1,False
bc8a6e93,ultrachat_176823,tree:scene:future_assistance_d9a662f4,scene,False,1,False
bc8a6e93,ultrachat_176823,tree:scene:learning_c4f5afa9,scene,False,1,False
bc8a6e93,ultrachat_176823,tree:scene:limitations_64f0b611,scene,False,1,False
bc8a6e93,ultrachat_176823,tree:scene:productivity_5fb5c762,scene,False,1,False
bc8a6e93,ultrachat_176823,tree:scene:reliability_88661fa4,scene,False,1,False
bc8a6e93,ultrachat_176823,tree:scene:service_frustration_66f6d0fe,scene,False,2,True
bc8a6e93,ultrachat_176823,tree:scene:support_2d74fa75,scene,False,1,False
bc8a6e93,ultrachat_176823,tree:scene:technology_fe1d34b9,scene,False,2,True
bc8a6e93,ultrachat_184007,entity:basil,entity,False,2,True
bc8a6e93,ultrachat_184007,entity:bell_peppers,entity,False,2,True
bc8a6e93,ultrachat_184007,entity:coconut_milk,entity,False,2,True
bc8a6e93,ultrachat_184007,entity:olive_oil,entity,False,2,True
bc8a6e93,ultrachat_184007,entity:parmesan_cheese,entity,False,1,False
bc8a6e93,ultrachat_184007,entity:soy_sauce,entity,False,1,False
bc8a6e93,ultrachat_184007,entity:user,entity,True,6,True
bc8a6e93,ultrachat_184007,tree:scene:food_7c6da42d,scene,False,6,True
bc8a6e93,ultrachat_184007,tree:scene:food_7eecec6d,scene,False,2,True
bc8a6e93,ultrachat_184007,tree:scene:food_pastry_a39717a9,scene,False,7,True
bc8a6e93,ultrachat_184007,tree:scene:food_vegan_cooking_c7838896,scene,False,23,True
bc8a6e93,ultrachat_237807,entity:chicago,entity,False,2,True
bc8a6e93,ultrachat_237807,entity:user,entity,True,6,True
bc8a6e93,ultrachat_237807,tree:scene:sports_sports_data_cb7bfbca,scene,False,28,True
bc8a6e93,ultrachat_237807,tree:scene:technology_fe1d34b9,scene,False,1,False
bc8a6e93,ultrachat_264866,entity:user,entity,True,4,True
bc8a6e93,ultrachat_264866,tree:scene:consumer_behavior_sustainable_consumption_65917681,scene,False,1,False
bc8a6e93,ultrachat_264866,tree:scene:development_community_participation_9d49a599,scene,False,1,False
bc8a6e93,ultrachat_264866,tree:scene:economics_infrastructure_728ee10c,scene,False,2,True
bc8a6e93,ultrachat_264866,tree:scene:energy_51f7996b,scene,False,2,True
bc8a6e93,ultrachat_264866,tree:scene:environment_sustainability_1eebad79,scene,False,14,True
bc8a6e93,ultrachat_264866,tree:scene:governance_transparency_cd0bf03b,scene,False,1,False
bc8a6e93,ultrachat_264866,tree:scene:media_public_awareness_f203e804,scene,False,1,False
bc8a6e93,ultrachat_264866,tree:scene:social_issues_education_f3b8b4c4,scene,False,1,False
bc8a6e93,ultrachat_264866,tree:scene:social_responsibility_advocacy_1776f2a4,scene,False,1,False
bc8a6e93,ultrachat_270910,entity:ai_language_model,entity,False,1,False
bc8a6e93,ultrachat_270910,entity:user,entity,True,3,True
bc8a6e93,ultrachat_270910,tree:scene:ai_5c91b340,scene,False,1,False
bc8a6e93,ultrachat_270910,tree:scene:economics_infrastructure_728ee10c,scene,False,3,True
bc8a6e93,ultrachat_270910,tree:scene:economy_industry_cb0a6b0a,scene,False,3,True
bc8a6e93,ultrachat_270910,tree:scene:events_171c0eeb,scene,False,1,False
bc8a6e93,ultrachat_270910,tree:scene:food_cuisine_bdcf551b,scene,False,7,True
bc8a6e93,ultrachat_270910,tree:scene:geography_821dd22f,scene,False,1,False
bc8a6e93,ultrachat_270910,tree:scene:technology_fe1d34b9,scene,False,1,False
bc8a6e93,ultrachat_270910,tree:scene:tourism_1dc342a4,scene,False,1,False
bc8a6e93,ultrachat_270910,tree:scene:travel_eco-friendly_accommodations_28604803,scene,False,4,True
bc8a6e93,ultrachat_270910,tree:scene:travel_flight_itinerary_342c9c6f,scene,False,4,True
bc8a6e93,ultrachat_30024,entity:fitness_classes,entity,False,2,True
bc8a6e93,ultrachat_30024,entity:user,entity,True,6,True
bc8a6e93,ultrachat_30024,tree:scene:health_44c5165b,scene,False,1,False
bc8a6e93,ultrachat_30024,tree:scene:health_cleaning_6e1ccf43,scene,False,1,False
bc8a6e93,ultrachat_30024,tree:scene:hr_talent_retention_d4061aa1,scene,False,19,True
bc8a6e93,ultrachat_30024,tree:scene:workplace_work-life_balance_a39b1578,scene,False,14,True
bc8a6e93,ultrachat_322154,entity:user,entity,True,2,True
bc8a6e93,ultrachat_322154,tree:scene:food_cuisine_bdcf551b,scene,False,6,True
bc8a6e93,ultrachat_322154,tree:scene:general_knowledge_assistant_capabilities_39fce5ba,scene,False,1,False
bc8a6e93,ultrachat_322154,tree:scene:sustainability_06e35044,scene,False,6,True
bc8a6e93,ultrachat_322154,tree:scene:travel_eco-friendly_accommodations_28604803,scene,False,5,True
bc8a6e93,ultrachat_322154,tree:scene:travel_flight_itinerary_342c9c6f,scene,False,5,True
bc8a6e93,ultrachat_323578,tree:scene:devops_6a8f4249,scene,False,1,False
bc8a6e93,ultrachat_323578,tree:scene:software_development_1f32a505,scene,False,3,True
bc8a6e93,ultrachat_323578,tree:scene:software_software_development_d299f3e0,scene,False,8,True
bc8a6e93,ultrachat_356901,entity:uk,entity,False,5,True
bc8a6e93,ultrachat_356901,entity:user,entity,True,5,True
bc8a6e93,ultrachat_356901,tree:scene:conservation_species_recovery_6ec003cc,scene,False,4,True
bc8a6e93,ultrachat_356901,tree:scene:environment_sustainability_1eebad79,scene,False,27,True
bc8a6e93,ultrachat_356901,tree:scene:policy_policy_advocacy_d8a88f40,scene,False,1,False
bc8a6e93,ultrachat_356901,tree:scene:wildlife_species_conservation_2793566a,scene,False,1,False
bc8a6e93,ultrachat_378089,entity:san_francisco,entity,False,1,False
bc8a6e93,ultrachat_378089,entity:user,entity,True,6,True
bc8a6e93,ultrachat_378089,tree:scene:disaster_response_disaster_recovery_fae5bc54,scene,False,1,False
bc8a6e93,ultrachat_378089,tree:scene:housing_policy_anti_discrimination_352d3e5d,scene,False,3,True
bc8a6e93,ultrachat_378089,tree:scene:public_policy_enforcement_888d0b38,scene,False,6,True
bc8a6e93,ultrachat_378089,tree:scene:social_policy_inequality_0b9b1786,scene,False,1,False
bc8a6e93,ultrachat_378089,tree:scene:urban_development_urban_planning_ebfa5423,scene,False,3,True
bc8a6e93,ultrachat_378089,tree:scene:urban_planning_urban_policy_afea048b,scene,False,12,True
bc8a6e93,ultrachat_378089,tree:scene:urban_policy_urban_equity_72fb32c1,scene,False,4,True
bc8a6e93,ultrachat_44533,entity:fitness_classes,entity,False,1,False
bc8a6e93,ultrachat_44533,entity:user,entity,True,4,True
bc8a6e93,ultrachat_44533,tree:scene:health_44c5165b,scene,False,2,True
bc8a6e93,ultrachat_44533,tree:scene:health_cleaning_6e1ccf43,scene,False,2,True
bc8a6e93,ultrachat_44533,tree:scene:mental_health_self-care_22b575cd,scene,False,2,True
bc8a6e93,ultrachat_44533,tree:scene:nutrition_c63cbc52,scene,False,3,True
bc8a6e93,ultrachat_44533,tree:scene:workplace_safety_5a3900e7,scene,False,5,True
bc8a6e93,ultrachat_44533,tree:scene:workplace_wellness_lighting_design_ed9816f8,scene,False,9,True
bc8a6e93,ultrachat_44533,tree:scene:workplace_work-life_balance_a39b1578,scene,False,3,True
bc8a6e93,ultrachat_453950,entity:user,entity,True,8,True
bc8a6e93,ultrachat_453950,tree:scene:food_7eecec6d,scene,False,14,True
bc8a6e93,ultrachat_453950,tree:scene:food_pastry_a39717a9,scene,False,28,True
bc8a6e93,ultrachat_510077,entity:user,entity,True,7,True
bc8a6e93,ultrachat_510077,tree:scene:culture_urban_life_7e7d91b8,scene,False,1,False
bc8a6e93,ultrachat_510077,tree:scene:economics_infrastructure_728ee10c,scene,False,1,False
bc8a6e93,ultrachat_510077,tree:scene:food_7c6da42d,scene,False,3,True
bc8a6e93,ultrachat_510077,tree:scene:food_cuisine_bdcf551b,scene,False,2,True
bc8a6e93,ultrachat_510077,tree:scene:linguistics_language_955a8a57,scene,False,1,False
bc8a6e93,ultrachat_510077,tree:scene:religion_6af34b47,scene,False,1,False
bc8a6e93,ultrachat_510077,tree:scene:sustainability_06e35044,scene,False,2,True
bc8a6e93,ultrachat_510077,tree:scene:travel_eco-friendly_accommodations_28604803,scene,False,18,True
bc8a6e93,ultrachat_510077,tree:scene:travel_flight_itinerary_342c9c6f,scene,False,18,True
bc8a6e93,ultrachat_70035,entity:user,entity,True,6,True
bc8a6e93,ultrachat_70035,tree:scene:art_creativity_2fbde4e6,scene,False,1,False
bc8a6e93,ultrachat_70035,tree:scene:fitness_exercise_1d57cec3,scene,False,1,False
bc8a6e93,ultrachat_70035,tree:scene:mental_health_self-care_22b575cd,scene,False,7,True
bc8a6e93,ultrachat_70035,tree:scene:outdoor_activities_nature_76f24a61,scene,False,1,False
bc8a6e93,ultrachat_70035,tree:scene:relationship_400eb24e,scene,False,3,True
bc8a6e93,ultrachat_70035,tree:scene:relationships_communication_0c973ad6,scene,False,14,True
bc8a6e93,ultrachat_70035,tree:scene:wellness_gratitude_d2545a6d,scene,False,1,False
7e00a6cb,174cccbc,entity:forest,entity,False,2,True
7e00a6cb,174cccbc,entity:social_media,entity,False,1,False
7e00a6cb,174cccbc,entity:user,entity,True,9,True
7e00a6cb,174cccbc,tree:scene:business_industry_63add771,scene,False,2,True
7e00a6cb,174cccbc,tree:scene:entertainment_board_games_edad3bbc,scene,False,12,True
7e00a6cb,174cccbc,tree:scene:mental_health_psychosis_da33167b,scene,False,1,False
7e00a6cb,174cccbc,tree:scene:personal_development_speech_clarity_ebf6104c,scene,False,3,True
7e00a6cb,174cccbc,tree:scene:productivity_calendar_management_96518f4d,scene,False,10,True
7e00a6cb,174cccbc,tree:scene:self-help_habits_c8860ebc,scene,False,3,True
7e00a6cb,174cccbc,tree:scene:self_improvement_productivity_93062a6a,scene,False,1,False
7e00a6cb,174cccbc,tree:scene:spirituality_30672ae6,scene,False,1,False
7e00a6cb,24f78a31_2,entity:beach_trip,entity,False,2,True
7e00a6cb,24f78a31_2,entity:user,entity,True,11,True
7e00a6cb,24f78a31_2,tree:scene:electronics_e4ed2ed5,scene,False,4,True
7e00a6cb,24f78a31_2,tree:scene:food_8e850538,scene,False,5,True
7e00a6cb,24f78a31_2,tree:scene:shopping_e622428e,scene,False,4,True
7e00a6cb,24f78a31_2,tree:scene:travel_family_1197269b,scene,False,21,True
7e00a6cb,24f78a31_2,tree:scene:wellness_659d06c2,scene,False,1,False
7e00a6cb,2fa50779_5,entity:user,entity,True,12,True
7e00a6cb,2fa50779_5,tree:scene:finance_fintech_cf36c80c,scene,False,10,True
7e00a6cb,2fa50779_5,tree:scene:food_8e850538,scene,False,10,True
7e00a6cb,2fa50779_5,tree:scene:food_grocery_shopping_32833411,scene,False,2,True
7e00a6cb,2fa50779_5,tree:scene:food_rewards_f2cbeb36,scene,False,1,False
7e00a6cb,2fa50779_5,tree:scene:marketing_social_media_marketing_8a6cd527,scene,False,1,False
7e00a6cb,2fa50779_5,tree:scene:shopping_e622428e,scene,False,1,False
7e00a6cb,2fa50779_5,tree:scene:technology_hardware_6af3aa4e,scene,False,3,True
7e00a6cb,2fa50779_5,tree:scene:technology_performance_monitoring_9fd41df6,scene,False,3,True
7e00a6cb,39358a85_3,entity:amazon,entity,False,2,True
7e00a6cb,39358a85_3,entity:fitbit,entity,False,4,True
7e00a6cb,39358a85_3,entity:user,entity,True,13,True
7e00a6cb,39358a85_3,tree:scene:fitness_559b1b58,scene,False,6,True
7e00a6cb,39358a85_3,tree:scene:health_respiratory_health_d2ec3d88,scene,False,19,True
7e00a6cb,39358a85_3,tree:scene:health_vaccination_4a610240,scene,False,17,True
7e00a6cb,39358a85_3,tree:scene:home_environmental_health_83f886f8,scene,False,3,True
7e00a6cb,39358a85_3,tree:scene:sleep_8494af2b,scene,False,1,False
7e00a6cb,39358a85_3,tree:scene:technology_hardware_6af3aa4e,scene,False,4,True
7e00a6cb,39358a85_3,tree:scene:technology_performance_monitoring_9fd41df6,scene,False,4,True
7e00a6cb,39358a85_3,tree:scene:wellness_659d06c2,scene,False,2,True
7e00a6cb,4dd1ba8d_2,entity:user,entity,True,13,True
7e00a6cb,4dd1ba8d_2,tree:scene:entertainment_board_games_edad3bbc,scene,False,16,True
7e00a6cb,4dd1ba8d_2,tree:scene:food_8e850538,scene,False,2,True
7e00a6cb,4dd1ba8d_2,tree:scene:gaming_fdc592f9,scene,False,2,True
7e00a6cb,4dd1ba8d_2,tree:scene:leisure_personalization_b6da4ee0,scene,False,2,True
7e00a6cb,4dd1ba8d_2,tree:scene:outdoor_leather_care_ecb7c1ce,scene,False,2,True
7e00a6cb,4dd1ba8d_2,tree:scene:social_social_gathering_454414db,scene,False,5,True
7e00a6cb,4dd1ba8d_2,tree:scene:technology_hardware_6af3aa4e,scene,False,1,False
7e00a6cb,4dd1ba8d_2,tree:scene:travel_family_1197269b,scene,False,6,True
7e00a6cb,4dd1ba8d_2,tree:scene:travel_history_d8acbebf,scene,False,1,False
7e00a6cb,5534efcb_2,entity:user,entity,True,10,True
7e00a6cb,5534efcb_2,tree:scene:fashion_sales_ce349888,scene,False,6,True
7e00a6cb,5534efcb_2,tree:scene:footwear_27dfcb86,scene,False,5,True
7e00a6cb,5534efcb_2,tree:scene:home_care_shoe_care_ee1344fd,scene,False,4,True
7e00a6cb,5534efcb_2,tree:scene:home_environmental_health_83f886f8,scene,False,4,True
7e00a6cb,5534efcb_2,tree:scene:home_maintenance_shoe_care_2549a1a5,scene,False,1,False
7e00a6cb,5534efcb_2,tree:scene:home_management_organization_62a3955b,scene,False,6,True
7e00a6cb,5534efcb_2,tree:scene:home_organization_a782dd54,scene,False,3,True
7e00a6cb,5534efcb_2,tree:scene:outdoor_leather_care_ecb7c1ce,scene,False,1,False
7e00a6cb,5534efcb_2,tree:scene:shopping_assistance_product_recommendation_8a658f32,scene,False,1,False
7e00a6cb,5534efcb_2,tree:scene:shopping_e622428e,scene,False,3,True
7e00a6cb,630b2de2_1,entity:social_media,entity,False,2,True
7e00a6cb,630b2de2_1,entity:user,entity,True,16,True
7e00a6cb,630b2de2_1,entity:website_traffic,entity,False,1,False
7e00a6cb,630b2de2_1,tree:scene:e-commerce_online_shopping_c6dd1236,scene,False,4,True
7e00a6cb,630b2de2_1,tree:scene:fashion_sales_ce349888,scene,False,26,True
7e00a6cb,630b2de2_1,tree:scene:retail_retail_locations_d04a10c9,scene,False,4,True
7e00a6cb,630b2de2_1,tree:scene:shopping_e622428e,scene,False,6,True
7e00a6cb,64c2b3c8,entity:amazon,entity,False,1,False
7e00a6cb,64c2b3c8,entity:social_media,entity,False,1,False
7e00a6cb,64c2b3c8,entity:user,entity,True,10,True
7e00a6cb,64c2b3c8,tree:scene:collecting_lens_hunting_46568016,scene,False,2,True
7e00a6cb,64c2b3c8,tree:scene:e-commerce_online_shopping_c6dd1236,scene,False,1,False
7e00a6cb,64c2b3c8,tree:scene:music_vinyl_collecting_3a0ea6e4,scene,False,2,True
7e00a6cb,64c2b3c8,tree:scene:online_marketplaces_online_classifieds_05a928e8,scene,False,1,False
7e00a6cb,64c2b3c8,tree:scene:photography_7b768bed,scene,False,25,True
7e00a6cb,64c2b3c8,tree:scene:retail_retail_locations_d04a10c9,scene,False,1,False
7e00a6cb,64c2b3c8,tree:scene:technology_hardware_6af3aa4e,scene,False,2,True
7e00a6cb,8e5b0424,entity:user,entity,True,6,True
7e00a6cb,8e5b0424,entity:water,entity,False,1,False
7e00a6cb,8e5b0424,tree:scene:alcohol_bourbon_a2015676,scene,False,1,False
7e00a6cb,8e5b0424,tree:scene:food_8e850538,scene,False,9,True
7e00a6cb,8e5b0424,tree:scene:food_cocktails_91f0ecd4,scene,False,20,True
7e00a6cb,956ce238,entity:beach_trip,entity,False,1,False
7e00a6cb,956ce238,entity:user,entity,True,7,True
7e00a6cb,956ce238,entity:waste_reduction,entity,False,1,False
7e00a6cb,956ce238,tree:scene:environment_policy_7c1b0370,scene,False,6,True
7e00a6cb,956ce238,tree:scene:health_respiratory_health_d2ec3d88,scene,False,4,True
7e00a6cb,956ce238,tree:scene:health_vaccination_4a610240,scene,False,3,True
7e00a6cb,956ce238,tree:scene:skincare_combination_skin_126bf82d,scene,False,11,True
7e00a6cb,956ce238,tree:scene:sustainability_eco-friendly_packaging_80f6d142,scene,False,8,True
7e00a6cb,956ce238,tree:scene:travel_family_1197269b,scene,False,1,False
7e00a6cb,9998814e_2,entity:user,entity,True,13,True
7e00a6cb,9998814e_2,tree:scene:home_decor_cd36821d,scene,False,13,True
7e00a6cb,9998814e_2,tree:scene:home_improvement_a9b1f303,scene,False,1,False
7e00a6cb,9998814e_2,tree:scene:home_organization_a782dd54,scene,False,2,True
7e00a6cb,9998814e_2,tree:scene:interior_design_furniture_selection_1d4ae028,scene,False,10,True
7e00a6cb,9998814e_2,tree:scene:mental_well-being_organization_dd302983,scene,False,4,True
7e00a6cb,9998814e_2,tree:scene:organization_home_office_ddd97513,scene,False,1,False
7e00a6cb,9998814e_2,tree:scene:productivity_calendar_management_96518f4d,scene,False,2,True
7e00a6cb,9998814e_2,tree:scene:sustainability_eco-friendly_packaging_80f6d142,scene,False,1,False
7e00a6cb,9998814e_2,tree:scene:task_management_4aad4546,scene,False,1,False
7e00a6cb,9998814e_2,tree:scene:technology_82dd928e,scene,False,2,True
7e00a6cb,a9981dc6_2,entity:user,entity,True,9,True
7e00a6cb,a9981dc6_2,tree:scene:art_85173c40,scene,False,23,True
7e00a6cb,a9981dc6_2,tree:scene:artistic_design_color_scheme_44a2f3ab,scene,False,4,True
7e00a6cb,a9981dc6_2,tree:scene:craft_craft_project_c2a6f94e,scene,False,5,True
7e00a6cb,a9981dc6_2,tree:scene:home_decor_cd36821d,scene,False,1,False
7e00a6cb,answer_ultrachat_370515,entity:user,entity,True,3,True
7e00a6cb,answer_ultrachat_370515,entity:world_war_ii,entity,False,1,False
7e00a6cb,answer_ultrachat_370515,tree:scene:art_85173c40,scene,False,2,True
7e00a6cb,answer_ultrachat_370515,tree:scene:assistant_behavior_personal_experience_f31111a7,scene,False,1,False
7e00a6cb,answer_ultrachat_370515,tree:scene:history_war_6ade63f5,scene,False,1,False
7e00a6cb,answer_ultrachat_370515,tree:scene:travel_family_1197269b,scene,False,10,True
7e00a6cb,b7dca8f1_1,entity:user,entity,True,11,True
7e00a6cb,b7dca8f1_1,tree:scene:food_8e850538,scene,False,34,True
7e00a6cb,b7dca8f1_1,tree:scene:shopping_e622428e,scene,False,1,False
7e00a6cb,d334bea4_2,entity:rachel,entity,False,4,True
7e00a6cb,d334bea4_2,entity:user,entity,True,23,True
7e00a6cb,d334bea4_2,tree:scene:career_leadership_253308e0,scene,False,4,True
7e00a6cb,d334bea4_2,tree:scene:education_a5f129d6,scene,False,1,False
7e00a6cb,d334bea4_2,tree:scene:engineering_project_delivery_587832a7,scene,False,2,True
7e00a6cb,d334bea4_2,tree:scene:personal_development_speech_clarity_ebf6104c,scene,False,1,False
7e00a6cb,d334bea4_2,tree:scene:product_development_design_collaboration_457a2c4b,scene,False,3,True
7e00a6cb,d334bea4_2,tree:scene:product_project_delivery_4fc790b2,scene,False,1,False
7e00a6cb,d334bea4_2,tree:scene:productivity_calendar_management_96518f4d,scene,False,1,False
7e00a6cb,d334bea4_2,tree:scene:professional_development_goal_tracking_a8cfccdd,scene,False,7,True
7e00a6cb,d334bea4_2,tree:scene:professional_professional_development_79ebcc6a,scene,False,1,False
7e00a6cb,d334bea4_2,tree:scene:project_management_stakeholder_engagement_fb3b8566,scene,False,4,True
7e00a6cb,d334bea4_2,tree:scene:software_development_feature_development_f7773c3f,scene,False,4,True
7e00a6cb,d334bea4_2,tree:scene:team_mentoring_893b6e14,scene,False,3,True
7e00a6cb,d334bea4_2,tree:scene:technology_hardware_6af3aa4e,scene,False,1,False
7e00a6cb,d334bea4_2,tree:scene:technology_performance_monitoring_9fd41df6,scene,False,1,False
7e00a6cb,d334bea4_2,tree:scene:work_work_review_16f0dbcc,scene,False,7,True
7e00a6cb,d39b7977_2,entity:rachel,entity,False,4,True
7e00a6cb,d39b7977_2,entity:user,entity,True,14,True
7e00a6cb,d39b7977_2,tree:scene:emotional_support_b7c3df01,scene,False,1,False
7e00a6cb,d39b7977_2,tree:scene:finance_fintech_cf36c80c,scene,False,3,True
7e00a6cb,d39b7977_2,tree:scene:mental_health_psychosis_da33167b,scene,False,2,True
7e00a6cb,d39b7977_2,tree:scene:real_estate_homebuying_4fc31f96,scene,False,32,True
7e00a6cb,dab12619_1,entity:user,entity,True,8,True
7e00a6cb,dab12619_1,tree:scene:cooking_routine_e03a91ff,scene,False,1,False
7e00a6cb,dab12619_1,tree:scene:food_baking_98132d93,scene,False,29,True
7e00a6cb,dab12619_1,tree:scene:food_cocktails_91f0ecd4,scene,False,22,True
7e00a6cb,dab12619_1,tree:scene:food_cooking_42f58294,scene,False,1,False
7e00a6cb,e2cd250e_1,entity:user,entity,True,14,True
7e00a6cb,e2cd250e_1,tree:scene:business_industry_63add771,scene,False,5,True
7e00a6cb,e2cd250e_1,tree:scene:entertainment_board_games_edad3bbc,scene,False,19,True
7e00a6cb,e2cd250e_1,tree:scene:productivity_calendar_management_96518f4d,scene,False,1,False
7e00a6cb,e2cd250e_1,tree:scene:technology_hardware_6af3aa4e,scene,False,2,True
7e00a6cb,e2cd250e_1,tree:scene:technology_performance_monitoring_9fd41df6,scene,False,2,True
7e00a6cb,e2cd250e_1,tree:scene:work_work_review_16f0dbcc,scene,False,3,True
7e00a6cb,sharegpt_0IqBw1I_15,entity:social_media_posts,entity,False,1,False
7e00a6cb,sharegpt_0IqBw1I_15,entity:user,entity,True,5,True
7e00a6cb,sharegpt_0IqBw1I_15,tree:scene:dental_engagement_strategy_a7c23112,scene,False,5,True
7e00a6cb,sharegpt_0IqBw1I_15,tree:scene:design_branding_5a037959,scene,False,1,False
7e00a6cb,sharegpt_0IqBw1I_15,tree:scene:healthcare_legal_a82c72d1,scene,False,8,True
7e00a6cb,sharegpt_0IqBw1I_15,tree:scene:healthcare_professional_networking_4fe78bc3,scene,False,8,True
7e00a6cb,sharegpt_0dfpdJm_0,tree:scene:politics_protest_movements_7fb6a0bf,scene,False,1,False
7e00a6cb,sharegpt_0dfpdJm_0,tree:scene:travel_family_1197269b,scene,False,7,True
7e00a6cb,sharegpt_0dfpdJm_0,tree:scene:writing_instruction_7dfae7a2,scene,False,1,False
7e00a6cb,sharegpt_1r9dCIC_7,entity:n,entity,False,2,True
7e00a6cb,sharegpt_1r9dCIC_7,tree:scene:mathematics_d8c01ad2,scene,False,8,True
7e00a6cb,sharegpt_3swiY8I_36,entity:user,entity,True,13,True
7e00a6cb,sharegpt_3swiY8I_36,tree:scene:construction_law_contract_damages_55f610fb,scene,False,2,True
7e00a6cb,sharegpt_3swiY8I_36,tree:scene:construction_law_testing_validity_c4db046f,scene,False,2,True
7e00a6cb,sharegpt_3swiY8I_36,tree:scene:construction_material_compliance_84cbbd59,scene,False,2,True
7e00a6cb,sharegpt_3swiY8I_36,tree:scene:construction_oversight_testing_procedure_088cae3f,scene,False,1,False
7e00a6cb,sharegpt_3swiY8I_36,tree:scene:construction_quality_testing_integrity_ad405f96,scene,False,1,False
7e00a6cb,sharegpt_3swiY8I_36,tree:scene:construction_testing_compaction_testing_ebdc9c13,scene,False,1,False
7e00a6cb,sharegpt_3swiY8I_36,tree:scene:engineering_expert_testimony_fc69c2e8,scene,False,1,False
7e00a6cb,sharegpt_3swiY8I_36,tree:scene:infrastructure_levee_integrity_429eed9c,scene,False,1,False
7e00a6cb,sharegpt_3swiY8I_36,tree:scene:legal_analysis_contract_interpretation_9cb016e3,scene,False,1,False
7e00a6cb,sharegpt_3swiY8I_36,tree:scene:legal_construction_law_b03c14ac,scene,False,1,False
7e00a6cb,sharegpt_3swiY8I_36,tree:scene:legal_process_legal_procedure_66d2bdf1,scene,False,1,False
7e00a6cb,sharegpt_A3DTUI4_55,entity:android,entity,False,4,True
7e00a6cb,sharegpt_A3DTUI4_55,entity:fitbit,entity,False,1,False
7e00a6cb,sharegpt_A3DTUI4_55,entity:user,entity,True,6,True
7e00a6cb,sharegpt_A3DTUI4_55,tree:scene:automotive_01b30c28,scene,False,7,True
7e00a6cb,sharegpt_A3DTUI4_55,tree:scene:electronics_e4ed2ed5,scene,False,1,False
7e00a6cb,sharegpt_A3DTUI4_55,tree:scene:fashion_sales_ce349888,scene,False,6,True
7e00a6cb,sharegpt_A3DTUI4_55,tree:scene:footwear_27dfcb86,scene,False,4,True
7e00a6cb,sharegpt_A3DTUI4_55,tree:scene:market_research_da80b23c,scene,False,1,False
7e00a6cb,sharegpt_A3DTUI4_55,tree:scene:sport_sportswear_8117c5de,scene,False,3,True
7e00a6cb,sharegpt_A3DTUI4_55,tree:scene:technology_hardware_6af3aa4e,scene,False,5,True
7e00a6cb,sharegpt_A3DTUI4_55,tree:scene:technology_mobile_operating_systems_44342d13,scene,False,4,True
7e00a6cb,sharegpt_A3DTUI4_55,tree:scene:technology_performance_monitoring_9fd41df6,scene,False,4,True
7e00a6cb,sharegpt_ADJyeqs_43,entity:user,entity,True,2,True
7e00a6cb,sharegpt_ADJyeqs_43,tree:scene:api_design_43e1aceb,scene,False,1,False
7e00a6cb,sharegpt_ADJyeqs_43,tree:scene:web_development_26e686a1,scene,False,9,True
7e00a6cb,sharegpt_BwRQZjV_26,tree:scene:automotive_01b30c28,scene,False,8,True
7e00a6cb,sharegpt_ET9WzdL_33,entity:user,entity,True,5,True
7e00a6cb,sharegpt_ET9WzdL_33,tree:scene:finance_fintech_cf36c80c,scene,False,9,True
7e00a6cb,sharegpt_ErOTMZ3_223,entity:user,entity,True,2,True
7e00a6cb,sharegpt_ErOTMZ3_223,entity:water,entity,False,1,False
7e00a6cb,sharegpt_ErOTMZ3_223,tree:scene:education_a5f129d6,scene,False,3,True
7e00a6cb,sharegpt_ErOTMZ3_223,tree:scene:finance_fintech_cf36c80c,scene,False,1,False
7e00a6cb,sharegpt_ErOTMZ3_223,tree:scene:spirituality_30672ae6,scene,False,10,True
7e00a6cb,sharegpt_FQA1tLr_50,entity:user,entity,True,3,True
7e00a6cb,sharegpt_FQA1tLr_50,tree:scene:healthcare_legal_a82c72d1,scene,False,5,True
7e00a6cb,sharegpt_FQA1tLr_50,tree:scene:healthcare_professional_networking_4fe78bc3,scene,False,9,True
7e00a6cb,sharegpt_FQA1tLr_50,tree:scene:sales_lead_management_b4fd7902,scene,False,3,True
7e00a6cb,sharegpt_Fu7Zegf_125,entity:user,entity,True,17,True
7e00a6cb,sharegpt_Fu7Zegf_125,tree:scene:cybersecurity_identity_management_35fb0f41,scene,False,11,True
7e00a6cb,sharegpt_Fu7Zegf_125,tree:scene:design_branding_5a037959,scene,False,1,False
7e00a6cb,sharegpt_Fu7Zegf_125,tree:scene:enterprise_security_identity_governance_a3d021dd,scene,False,4,True
7e00a6cb,sharegpt_Fu7Zegf_125,tree:scene:enterprise_software_platform_features_e34f2ab7,scene,False,2,True
7e00a6cb,sharegpt_Fu7Zegf_125,tree:scene:enterprise_tech_identity_management_4a38e765,scene,False,1,False
7e00a6cb,sharegpt_Fu7Zegf_125,tree:scene:guides_e6cbc42e,scene,False,1,False
7e00a6cb,sharegpt_Fu7Zegf_125,tree:scene:identity_governance_workflow_automation_6e386545,scene,False,2,True
7e00a6cb,sharegpt_Fu7Zegf_125,tree:scene:identity_management_product_description_1fbf5927,scene,False,2,True
7e00a6cb,sharegpt_Fu7Zegf_125,tree:scene:marketing_social_media_marketing_8a6cd527,scene,False,10,True
7e00a6cb,sharegpt_Fu7Zegf_125,tree:scene:security_e7c11048,scene,False,5,True
7e00a6cb,sharegpt_Fu7Zegf_125,tree:scene:software_development_feature_development_f7773c3f,scene,False,1,False
7e00a6cb,sharegpt_Fu7Zegf_125,tree:scene:technology_hardware_6af3aa4e,scene,False,4,True
7e00a6cb,sharegpt_Fu7Zegf_125,tree:scene:technology_performance_monitoring_9fd41df6,scene,False,4,True
7e00a6cb,sharegpt_I2cfkPp_0,entity:china,entity,False,3,True
7e00a6cb,sharegpt_I2cfkPp_0,entity:japan,entity,False,1,False
7e00a6cb,sharegpt_I2cfkPp_0,entity:user,entity,True,3,True
7e00a6cb,sharegpt_I2cfkPp_0,tree:scene:business_industry_63add771,scene,False,1,False
7e00a6cb,sharegpt_I2cfkPp_0,tree:scene:economics_b9a39ac9,scene,False,12,True
7e00a6cb,sharegpt_I2cfkPp_0,tree:scene:history_war_6ade63f5,scene,False,4,True
7e00a6cb,sharegpt_I2cfkPp_0,tree:scene:international_relations_foreign_policy_51a2a7f3,scene,False,1,False
7e00a6cb,sharegpt_I2cfkPp_0,tree:scene:literature_65de60c9,scene,False,1,False
7e00a6cb,sharegpt_I2cfkPp_0,tree:scene:politics_protest_movements_7fb6a0bf,scene,False,3,True
7e00a6cb,sharegpt_I2cfkPp_0,tree:scene:science_cosmic_events_828967b2,scene,False,4,True
7e00a6cb,sharegpt_I2cfkPp_0,tree:scene:social_media_e193c72a,scene,False,3,True
7e00a6cb,sharegpt_MW0whoh_17,entity:user,entity,True,18,True
7e00a6cb,sharegpt_MW0whoh_17,tree:scene:drama_emotional_conflict_0bc3c2df,scene,False,1,False
7e00a6cb,sharegpt_MW0whoh_17,tree:scene:fantasy_character_origin_4e024e53,scene,False,8,True
7e00a6cb,sharegpt_MW0whoh_17,tree:scene:fiction_emotional_punch_ed658b1f,scene,False,26,True
7e00a6cb,sharegpt_MW0whoh_17,tree:scene:film_analysis_character_perception_50e77f5c,scene,False,1,False
7e00a6cb,sharegpt_MW0whoh_17,tree:scene:mental_health_psychosis_da33167b,scene,False,6,True
7e00a6cb,sharegpt_MW0whoh_17,tree:scene:psychology_emotional_decision-making_eb2be574,scene,False,1,False
7e00a6cb,sharegpt_QQQAWUd_19,entity:numpy,entity,False,2,True
7e00a6cb,sharegpt_QQQAWUd_19,entity:user,entity,True,2,True
7e00a6cb,sharegpt_QQQAWUd_19,tree:scene:machine_learning_data_preprocessing_71bb53a9,scene,False,4,True
7e00a6cb,sharegpt_QQQAWUd_19,tree:scene:medical_imaging_f9760a55,scene,False,4,True
7e00a6cb,sharegpt_QQQAWUd_19,tree:scene:neuroimaging_3a864b75,scene,False,1,False
7e00a6cb,sharegpt_QQQAWUd_19,tree:scene:programming_4326e348,scene,False,1,False
7e00a6cb,sharegpt_S3aFHiT_0,entity:user,entity,True,5,True
7e00a6cb,sharegpt_S3aFHiT_0,tree:scene:aviation_corporate_transformation_4c485029,scene,False,16,True
7e00a6cb,sharegpt_S3aFHiT_0,tree:scene:business_industry_63add771,scene,False,4,True
7e00a6cb,sharegpt_S3aFHiT_0,tree:scene:finance_fintech_cf36c80c,scene,False,1,False
7e00a6cb,sharegpt_bXsvIfh_0,entity:japan,entity,False,3,True
7e00a6cb,sharegpt_bXsvIfh_0,entity:world_war_ii,entity,False,1,False
7e00a6cb,sharegpt_bXsvIfh_0,tree:scene:history_war_6ade63f5,scene,False,3,True
7e00a6cb,sharegpt_bXsvIfh_0,tree:scene:politics_protest_movements_7fb6a0bf,scene,False,1,False
7e00a6cb,sharegpt_gotS54g_0,entity:user,entity,True,2,True
7e00a6cb,sharegpt_gotS54g_0,tree:scene:content_policy_71a5e4eb,scene,False,1,False
7e00a6cb,sharegpt_gotS54g_0,tree:scene:content_safety_content_review_49bb663f,scene,False,1,False
7e00a6cb,sharegpt_gotS54g_0,tree:scene:image_generation_content_context_31d80127,scene,False,1,False
7e00a6cb,sharegpt_gotS54g_0,tree:scene:playful_scene_8d22f72b,scene,False,1,False
7e00a6cb,sharegpt_gotS54g_0,tree:scene:policy_2e509486,scene,False,2,True
7e00a6cb,sharegpt_l0Oxhh8_0,entity:user,entity,True,1,False
7e00a6cb,sharegpt_l0Oxhh8_0,tree:scene:ecology_ecosystem_planning_20955a80,scene,False,7,True
7e00a6cb,sharegpt_l0Oxhh8_0,tree:scene:environment_policy_7c1b0370,scene,False,1,False
7e00a6cb,sharegpt_l0Oxhh8_0,tree:scene:geography_2e5afb85,scene,False,1,False
7e00a6cb,sharegpt_lsFtD01_0,entity:social_media_posts,entity,False,2,True
7e00a6cb,sharegpt_lsFtD01_0,entity:user,entity,True,16,True
7e00a6cb,sharegpt_lsFtD01_0,entity:website_traffic,entity,False,2,True
7e00a6cb,sharegpt_lsFtD01_0,tree:scene:marketing_social_media_marketing_8a6cd527,scene,False,26,True
7e00a6cb,sharegpt_lsFtD01_0,tree:scene:product_management_task_management_d78ca833,scene,False,1,False
7e00a6cb,sharegpt_lsFtD01_0,tree:scene:product_project_delivery_4fc790b2,scene,False,1,False
7e00a6cb,sharegpt_lsFtD01_0,tree:scene:web_development_26e686a1,scene,False,1,False
7e00a6cb,sharegpt_n2aGNgW_9,entity:forest,entity,False,1,False
7e00a6cb,sharegpt_n2aGNgW_9,entity:user,entity,True,14,True
7e00a6cb,sharegpt_n2aGNgW_9,tree:scene:game_design_puzzle_design_7afd9455,scene,False,11,True
7e00a6cb,sharegpt_n2aGNgW_9,tree:scene:game_development_game_engine_56287771,scene,False,21,True
7e00a6cb,sharegpt_n2aGNgW_9,tree:scene:user_feedback_a9355ac8,scene,False,1,False
7e00a6cb,sharegpt_sD1RDN4_0,entity:android,entity,False,1,False
7e00a6cb,sharegpt_sD1RDN4_0,entity:user,entity,True,2,True
7e00a6cb,sharegpt_sD1RDN4_0,tree:scene:mobile_device_management_0b1e9d50,scene,False,1,False
7e00a6cb,sharegpt_sD1RDN4_0,tree:scene:technology_hardware_6af3aa4e,scene,False,9,True
7e00a6cb,sharegpt_u56nuOp_5,entity:user,entity,True,2,True
7e00a6cb,sharegpt_u56nuOp_5,tree:scene:content_84a1e715,scene,False,1,False
7e00a6cb,sharegpt_u56nuOp_5,tree:scene:web_development_26e686a1,scene,False,6,True
7e00a6cb,sharegpt_vRfbcKe_87,entity:n,entity,False,1,False
7e00a6cb,sharegpt_vRfbcKe_87,entity:user,entity,True,6,True
7e00a6cb,sharegpt_vRfbcKe_87,tree:scene:computing_data_optimization_4f93f352,scene,False,12,True
7e00a6cb,sharegpt_vRfbcKe_87,tree:scene:software_42623d00,scene,False,1,False
7e00a6cb,sharegpt_vRfbcKe_87,tree:scene:system-administration_system_775e993e,scene,False,4,True
7e00a6cb,sharegpt_vRfbcKe_87,tree:scene:system_administration_f20b469b,scene,False,9,True
7e00a6cb,sharegpt_xuR7z91_24,entity:user,entity,True,1,False
7e00a6cb,sharegpt_xuR7z91_24,tree:scene:geospatial_data_enhancement_435e1473,scene,False,1,False
7e00a6cb,sharegpt_xuR7z91_24,tree:scene:retail_retail_locations_d04a10c9,scene,False,1,False
7e00a6cb,sharegpt_xuR7z91_24,tree:scene:system_system_limitations_8f6812b7,scene,False,2,True
7e00a6cb,sharegpt_zjeejqR_0,entity:user,entity,True,8,True
7e00a6cb,sharegpt_zjeejqR_0,tree:scene:branding_name_suggestion_977a459f,scene,False,7,True
7e00a6cb,sharegpt_zjeejqR_0,tree:scene:creative_name_generation_69d7a901,scene,False,4,True
7e00a6cb,sharegpt_zjeejqR_0,tree:scene:creativity_naming_62f8101b,scene,False,3,True
7e00a6cb,sharegpt_zjeejqR_0,tree:scene:games_wordplay_93efba22,scene,False,1,False
7e00a6cb,sharegpt_zjeejqR_0,tree:scene:gaming_fdc592f9,scene,False,1,False
7e00a6cb,sharegpt_zjeejqR_0,tree:scene:linguistics_naming_2e0cb8bc,scene,False,1,False
7e00a6cb,sharegpt_zjeejqR_0,tree:scene:pop_culture_naming_16da7765,scene,False,2,True
7e00a6cb,sharegpt_zjeejqR_0,tree:scene:pronunciation_c7c1627e,scene,False,1,False
7e00a6cb,sharegpt_zjeejqR_0,tree:scene:science_cosmic_events_828967b2,scene,False,1,False
7e00a6cb,sharegpt_zjeejqR_0,tree:scene:word_games_naming_3f399517,scene,False,2,True
7e00a6cb,ultrachat_126287,entity:social_media,entity,False,1,False
7e00a6cb,ultrachat_126287,entity:user,entity,True,3,True
7e00a6cb,ultrachat_126287,tree:scene:gaming_fdc592f9,scene,False,9,True
7e00a6cb,ultrachat_126287,tree:scene:technology_hardware_6af3aa4e,scene,False,3,True
7e00a6cb,ultrachat_126287,tree:scene:technology_performance_monitoring_9fd41df6,scene,False,3,True
7e00a6cb,ultrachat_178507,entity:user,entity,True,3,True
7e00a6cb,ultrachat_178507,tree:scene:health_respiratory_health_d2ec3d88,scene,False,9,True
7e00a6cb,ultrachat_178507,tree:scene:health_vaccination_4a610240,scene,False,10,True
7e00a6cb,ultrachat_178507,tree:scene:sports_f9d81617,scene,False,5,True
7e00a6cb,ultrachat_188131,entity:user,entity,True,2,True
7e00a6cb,ultrachat_188131,entity:world_war_ii,entity,False,4,True
7e00a6cb,ultrachat_188131,tree:scene:history_war_6ade63f5,scene,False,11,True
7e00a6cb,ultrachat_188131,tree:scene:industry_2de0d954,scene,False,1,False
7e00a6cb,ultrachat_188131,tree:scene:literature_65de60c9,scene,False,2,True
7e00a6cb,ultrachat_188131,tree:scene:politics_protest_movements_7fb6a0bf,scene,False,3,True
7e00a6cb,ultrachat_188131,tree:scene:travel_family_1197269b,scene,False,5,True
7e00a6cb,ultrachat_213012,entity:user,entity,True,2,True
7e00a6cb,ultrachat_213012,tree:scene:demographics_1fd0e785,scene,False,6,True
7e00a6cb,ultrachat_213012,tree:scene:economics_b9a39ac9,scene,False,4,True
7e00a6cb,ultrachat_213012,tree:scene:information_access_f86133b2,scene,False,1,False
7e00a6cb,ultrachat_213012,tree:scene:labor_economics_job_market_14ddd63f,scene,False,1,False
7e00a6cb,ultrachat_213012,tree:scene:public_policy_demographics_529a8927,scene,False,3,True
7e00a6cb,ultrachat_213012,tree:scene:statistics_44ddc20a,scene,False,1,False
7e00a6cb,ultrachat_213012,tree:scene:urban_planning_urbanization_b4ef80f2,scene,False,2,True
7e00a6cb,ultrachat_218879,entity:user,entity,True,2,True
7e00a6cb,ultrachat_218879,tree:scene:culture_music_5d97e5ce,scene,False,6,True
7e00a6cb,ultrachat_218879,tree:scene:food_food_festival_8cc17e52,scene,False,1,False
7e00a6cb,ultrachat_218879,tree:scene:literature_65de60c9,scene,False,1,False
7e00a6cb,ultrachat_218879,tree:scene:music_vinyl_collecting_3a0ea6e4,scene,False,3,True
7e00a6cb,ultrachat_218879,tree:scene:technology_hardware_6af3aa4e,scene,False,1,False
7e00a6cb,ultrachat_218879,tree:scene:technology_performance_monitoring_9fd41df6,scene,False,1,False
7e00a6cb,ultrachat_272210,entity:china,entity,False,1,False
7e00a6cb,ultrachat_272210,entity:user,entity,True,5,True
7e00a6cb,ultrachat_272210,tree:scene:economics_b9a39ac9,scene,False,1,False
7e00a6cb,ultrachat_272210,tree:scene:environment_policy_7c1b0370,scene,False,9,True
7e00a6cb,ultrachat_272210,tree:scene:finance_fintech_cf36c80c,scene,False,3,True
7e00a6cb,ultrachat_272210,tree:scene:technology_hardware_6af3aa4e,scene,False,7,True
7e00a6cb,ultrachat_272210,tree:scene:technology_innovation_053342d9,scene,False,1,False
7e00a6cb,ultrachat_272210,tree:scene:technology_performance_monitoring_9fd41df6,scene,False,7,True
7e00a6cb,ultrachat_272210,tree:scene:transportation_energy_policy_a49e3822,scene,False,8,True
7e00a6cb,ultrachat_29266,entity:machine_learning,entity,False,2,True
7e00a6cb,ultrachat_29266,entity:numpy,entity,False,1,False
7e00a6cb,ultrachat_29266,entity:user,entity,True,6,True
7e00a6cb,ultrachat_29266,tree:scene:big_data_machine_learning_fa44884e,scene,False,1,False
7e00a6cb,ultrachat_29266,tree:scene:cloud_computing_performance_monitoring_e35a5eb5,scene,False,6,True
7e00a6cb,ultrachat_29266,tree:scene:communication_476619c8,scene,False,1,False
7e00a6cb,ultrachat_29266,tree:scene:computer_science_machine_learning_ef24f01e,scene,False,2,True
7e00a6cb,ultrachat_29266,tree:scene:computing_data_optimization_4f93f352,scene,False,5,True
7e00a6cb,ultrachat_29266,tree:scene:data_science_machine_learning_52169ac7,scene,False,1,False
7e00a6cb,ultrachat_29266,tree:scene:software_development_feature_development_f7773c3f,scene,False,3,True
7e00a6cb,ultrachat_29266,tree:scene:technology_performance_monitoring_9fd41df6,scene,False,6,True
7e00a6cb,ultrachat_304047,entity:user,entity,True,1,False
7e00a6cb,ultrachat_304047,tree:scene:defense_defense_procurement_bab17fb3,scene,False,1,False
7e00a6cb,ultrachat_304047,tree:scene:law_legal_ruling_419c8b04,scene,False,7,True
7e00a6cb,ultrachat_304047,tree:scene:religion_5c37a8e4,scene,False,2,True
7e00a6cb,ultrachat_304047,tree:scene:social_issues_public_protest_00300467,scene,False,1,False
7e00a6cb,ultrachat_304047,tree:scene:social_justice_equality_99c21e02,scene,False,1,False
7e00a6cb,ultrachat_304047,tree:scene:technology_digital_rights_60d00c33,scene,False,1,False
7e00a6cb,ultrachat_309177,entity:user,entity,True,1,False
7e00a6cb,ultrachat_309177,tree:scene:finance_fintech_cf36c80c,scene,False,1,False
7e00a6cb,ultrachat_309177,tree:scene:governance_legal_reform_dbfde990,scene,False,2,True
7e00a6cb,ultrachat_309177,tree:scene:government_technology_f0b5f298,scene,False,6,True
7e00a6cb,ultrachat_309177,tree:scene:healthcare_legal_a82c72d1,scene,False,1,False
7e00a6cb,ultrachat_309177,tree:scene:healthcare_professional_networking_4fe78bc3,scene,False,1,False
7e00a6cb,ultrachat_309177,tree:scene:technology_hardware_6af3aa4e,scene,False,2,True
7e00a6cb,ultrachat_309177,tree:scene:technology_performance_monitoring_9fd41df6,scene,False,2,True
7e00a6cb,ultrachat_309177,tree:scene:trade_customs_c232cd86,scene,False,1,False
7e00a6cb,ultrachat_365156,entity:user,entity,True,6,True
7e00a6cb,ultrachat_365156,tree:scene:education_a5f129d6,scene,False,1,False
7e00a6cb,ultrachat_365156,tree:scene:environment_policy_7c1b0370,scene,False,24,True
7e00a6cb,ultrachat_365156,tree:scene:manufacturing_sustainable_manufacturing_b665529d,scene,False,1,False
7e00a6cb,ultrachat_365156,tree:scene:waste_management_d72b88a5,scene,False,1,False
7e00a6cb,ultrachat_41954,entity:user,entity,True,4,True
7e00a6cb,ultrachat_41954,tree:scene:fashion_dcc715c4,scene,False,8,True
7e00a6cb,ultrachat_41954,tree:scene:fashion_sales_ce349888,scene,False,12,True
7e00a6cb,ultrachat_47646,entity:user,entity,True,3,True
7e00a6cb,ultrachat_47646,tree:scene:conservation_b21fb5ee,scene,False,1,False
7e00a6cb,ultrachat_47646,tree:scene:environment_policy_7c1b0370,scene,False,1,False
7e00a6cb,ultrachat_47646,tree:scene:ethics_fcb9d72e,scene,False,3,True
7e00a6cb,ultrachat_47646,tree:scene:travel_family_1197269b,scene,False,10,True
7e00a6cb,ultrachat_486024,entity:ai,entity,False,2,True
7e00a6cb,ultrachat_486024,entity:artificial_intelligence,entity,False,4,True
7e00a6cb,ultrachat_486024,entity:user,entity,True,3,True
7e00a6cb,ultrachat_486024,tree:scene:economy_0bd06004,scene,False,1,False
7e00a6cb,ultrachat_486024,tree:scene:ethics_fcb9d72e,scene,False,1,False
7e00a6cb,ultrachat_486024,tree:scene:security_e7c11048,scene,False,1,False
7e00a6cb,ultrachat_486024,tree:scene:technology_hardware_6af3aa4e,scene,False,11,True
7e00a6cb,ultrachat_486024,tree:scene:technology_performance_monitoring_9fd41df6,scene,False,12,True
7e00a6cb,ultrachat_498649,entity:user,entity,True,6,True
7e00a6cb,ultrachat_498649,tree:scene:communication_476619c8,scene,False,4,True
7e00a6cb,ultrachat_498649,tree:scene:education_a5f129d6,scene,False,2,True
7e00a6cb,ultrachat_498649,tree:scene:personal_communication_a67270ef,scene,False,5,True
7e00a6cb,ultrachat_498649,tree:scene:personal_development_speech_clarity_ebf6104c,scene,False,3,True
7e00a6cb,ultrachat_498649,tree:scene:work_work_review_16f0dbcc,scene,False,2,True
7e00a6cb,ultrachat_498649,tree:scene:workplace_communication_4b723d74,scene,False,10,True
7e00a6cb,ultrachat_513042,entity:ai,entity,False,9,True
7e00a6cb,ultrachat_513042,entity:user,entity,True,2,True
7e00a6cb,ultrachat_513042,tree:scene:health_respiratory_health_d2ec3d88,scene,False,4,True
7e00a6cb,ultrachat_513042,tree:scene:healthcare_legal_a82c72d1,scene,False,26,True
7e00a6cb,ultrachat_513042,tree:scene:healthcare_professional_networking_4fe78bc3,scene,False,18,True
7e00a6cb,ultrachat_531216,entity:user,entity,True,1,False
7e00a6cb,ultrachat_531216,tree:scene:finance_fintech_cf36c80c,scene,False,14,True
7e00a6cb,ultrachat_531216,tree:scene:information_access_f86133b2,scene,False,1,False
7e00a6cb,ultrachat_531216,tree:scene:technology_performance_monitoring_9fd41df6,scene,False,2,True
7e00a6cb,ultrachat_564942,entity:artificial_intelligence,entity,False,1,False
7e00a6cb,ultrachat_564942,entity:machine_learning,entity,False,1,False
7e00a6cb,ultrachat_564942,entity:user,entity,True,5,True
7e00a6cb,ultrachat_564942,entity:waste_reduction,entity,False,2,True
7e00a6cb,ultrachat_564942,tree:scene:corporate_sustainability_b9909fe4,scene,False,1,False
7e00a6cb,ultrachat_564942,tree:scene:energy_energy_efficiency_425e11a5,scene,False,6,True
7e00a6cb,ultrachat_564942,tree:scene:environment_policy_7c1b0370,scene,False,16,True
7e00a6cb,ultrachat_564942,tree:scene:environment_sustainability_49756bf0,scene,False,1,False
7e00a6cb,ultrachat_564942,tree:scene:technology_hardware_6af3aa4e,scene,False,5,True
7e00a6cb,ultrachat_564942,tree:scene:technology_performance_monitoring_9fd41df6,scene,False,5,True
7e00a6cb,ultrachat_78062,entity:user,entity,True,2,True
7e00a6cb,ultrachat_78062,entity:water,entity,False,1,False
7e00a6cb,ultrachat_78062,tree:scene:agriculture_632dfe44,scene,False,2,True
7e00a6cb,ultrachat_78062,tree:scene:environment_policy_7c1b0370,scene,False,3,True
7e00a6cb,ultrachat_78062,tree:scene:fashion_sales_ce349888,scene,False,10,True
7e00a6cb,ultrachat_78062,tree:scene:sustainability_eco-friendly_packaging_80f6d142,scene,False,4,True
7e00a6cb,ultrachat_78062,tree:scene:textiles_processing_62492d35,scene,False,3,True
