key,question,gold_answer,proposed_temporal_type,independent_temporal_type,proposed_gold_fact_ids,independent_gold_fact_ids,proposed_conflict_fact_ids,independent_conflict_fact_ids,temporal_type_valid,gold_ids_valid,conflict_ids_valid,proposed_label_valid,confidence,type_exact_match,gold_ids_exact_match,conflict_ids_exact_match,independent_gold_conflict_overlap,author_signoff_required,independent_notes
locomo::conv-26_qa006,When is Melanie planning on going camping?,June 2023,historical-state,historical-state,fact_7c922be24c2f9a44;fact_f9899f79b5e09ab1;item_17b976e7a43b14f0;item_8b4ba81920923d5f;item_946af971a3dd8672,fact_7c922be24c2f9a44;fact_f9899f79b5e09ab1;item_17b976e7a43b14f0;item_8b4ba81920923d5f;item_946af971a3dd8672,,,True,True,True,True,high,True,True,True,,False,"Gold facts consistently state Melanie plans camping in June 2023, aligning with the gold answer. Conflicts are absent as no fact contradicts the target event with an incompatible date. All gold facts are relevant and directly support the answer. No conflicting temporal claims exist."
locomo::conv-26_qa033,When did Caroline go to a pride parade during the summer?,The week before 3 July 2023,ordering,historical-state,fact_ba5acf052684d52a;item_23e23ba9523baef1;item_320fd8d1ac1fe8ca;item_58fb396e63b8bf71;item_720150345fbdcd9a;item_fe103ffec1779d2c,fact_ba5acf052684d52a;item_23e23ba9523baef1;item_320fd8d1ac1fe8ca;item_58fb396e63b8bf71;item_720150345fbdcd9a;item_fe103ffec1779d2c,fact_523d713d3e2be542;fact_b834b05e92f34175;fact_e7f6594ecc99d348;item_185007f7fbdca15b,fact_523d713d3e2be542;fact_b834b05e92f34175;fact_e7f6594ecc99d348;item_185007f7fbdca15b,True,True,True,True,high,False,True,True,,True,"Gold facts consistently identify Caroline attending a pride parade in late June 2023, aligning with 'the week before 3 July 2023'. Conflicts involve later dates (August 11, July 17) or vague references (a few weeks before July 15). No ordering or current-vs-old comparison is needed. All facts are about the same event (Caroline's pride parade attendance), with conflicting dates. The correct temporal type is historical-state."
locomo::conv-26_qa035,When did Melanie go camping in July?,two weekends before 17 July 2023,ordering,ordering,fact_59383566d0785003;item_522138e5ee9f7653;item_6b42e8d965aa32a8;item_c0289b89f98f7268;item_cfce2eacbb288889;item_f7e7b2e7c54fb750,fact_59383566d0785003;item_522138e5ee9f7653;item_6b42e8d965aa32a8;item_c0289b89f98f7268;item_f7e7b2e7c54fb750,,item_744c156fbf131bd2;item_8b4ba81920923d5f;item_946af971a3dd8672,True,True,True,True,high,True,False,False,,True,"Gold facts directly support 'two weekends before July 17, 2023' (around July 3). Conflict facts (June 20, July 15, and late August) contradict the target date. 'Every summer' and 'a few weeks prior to September' are irrelevant. 'On or before July 15' aligns with gold. 'Last week (June 20)' conflicts. 'July 6' is inconsistent with gold. 'July 17' facts are irrelevant. Only 5 gold and 3 conflict facts needed; others are irrelevant."
locomo::conv-26_qa072,When did Melanie's friend adopt a child?,2022,historical-state,historical-state,item_d18437e0f9b17e16,item_d18437e0f9b17e16,,,True,True,True,True,high,True,True,True,,False,"The gold fact directly states the adoption occurred in 2022, matching the gold answer. No conflicting facts about the adoption date exist. Other facts are about relationships, personal preferences, or future intentions, not the adoption event. The temporal type 'historical-state' is appropriate for a single dated event without comparison or ordering."
locomo::conv-26_qa080,When did Melanie buy the figurines?,21 October 2023,historical-state,historical-state,item_caa7ad558dfe5452,item_caa7ad558dfe5452,,,True,True,True,True,high,True,True,True,,False,"The gold fact directly states the purchase date of the figurines on October 21, 2023, matching the gold answer. No other facts contradict this date or target event. All other facts are either irrelevant or describe unrelated events. The temporal type 'historical-state' is appropriate for a single, directly stated past event."
locomo::conv-30_qa001,When Gina has lost her job at Door Dash?,"January, 2023",historical-state,historical-state,fact_03840a30c498df4a;fact_be790bf9299ed511;item_5560d4f79a42f585;item_90b00fbf318eb64b;item_e8f80971459da560,fact_03840a30c498df4a;fact_be790bf9299ed511;item_5560d4f79a42f585;item_90b00fbf318eb64b;item_e8f80971459da560,fact_f17676b08e882eb7;item_a491e4a8845f4fa5,fact_f17676b08e882eb7;item_a491e4a8845f4fa5,True,True,True,True,high,True,True,True,,False,"Gold facts consistently state Gina lost her job at DoorDash in January 2023. Conflicts state March 16, 2023, contradicting the gold answer. No need for ordering or current-vs-old; the target is a single past event. All IDs align with fact text and target event."
locomo::conv-30_qa006,When is Jon's group performing at a festival?,"February, 2023",historical-state,historical-state,fact_f580dec1e593b2e7;item_6d46b882577294f2;item_f711c76c30005b17,fact_f580dec1e593b2e7;item_6d46b882577294f2;item_f711c76c30005b17,fact_6cb1ba90cd0da942;fact_c107f3db35b3f538;fact_e8bd6741a5380927;item_d41fdf3d095c86d3,fact_6cb1ba90cd0da942;fact_c107f3db35b3f538;fact_e8bd6741a5380927;item_d41fdf3d095c86d3,True,True,True,True,high,True,True,True,,False,"Gold facts confirm February 2023 festival performance via choreography and recent activity. Conflict facts reference January 2023 events, contradicting the gold answer. Irrelevant facts (e.g., job loss, passion) are excluded. Temporal type 'historical-state' is appropriate for a single specified date."
locomo::conv-30_qa011,When did Gina get her tattoo?,A few years ago,historical-state,historical-state,item_b596c2dbd1216843,item_b596c2dbd1216843,,,True,True,True,True,high,True,True,True,,False,The gold fact directly supports 'a few years ago' relative to 2023. No conflicting dates or states are present. Other facts are topical but not temporally contradictory. The label 'historical-state' is appropriate as the query asks for a past event with a vague temporal reference.
locomo::conv-41_qa004,When did John join the online support group?,The week before 1 January 2023,ordering,historical-state,fact_6317611ef7de1457;fact_db5ae59dae3b7b7b;fact_fef91a941cc49654;item_28bafbba515712b5;item_97a6a1b39b40c1b6,fact_6317611ef7de1457;fact_db5ae59dae3b7b7b;fact_fef91a941cc49654;item_28bafbba515712b5;item_97a6a1b39b40c1b6,fact_7e3d4beb1e0bebc2;fact_d135012e3fe23b10;item_1ff65c7c017d9918;item_3bb485624af07eb9;item_8b8d45251ddac017,fact_7e3d4beb1e0bebc2;item_1ff65c7c017d9918;item_3bb485624af07eb9;item_8b8d45251ddac017,True,True,True,True,high,False,True,False,,True,"Gold facts directly support John joining the group in late December 2022. Conflict facts mention August 2023 invitations and membership, which contradict the late December 2022 timeline. The question asks for a specific time, not ordering or comparison. The proposed 'ordering' type is incorrect; 'historical-state' fits best."
locomo::conv-41_qa005,When did Maria go to the beach?,December 2022,historical-state,historical-state,fact_ade860b7279df896;item_ca6c8520281a89bd,fact_ade860b7279df896;item_ca6c8520281a89bd,,,True,True,True,True,high,True,True,True,,False,"The gold facts directly confirm Maria's beach visit in December 2022, matching the gold answer. No conflicting facts about the same event with incompatible dates exist. Other facts describe later events or unrelated topics. The label 'historical-state' is appropriate as the task is a direct lookup of a past event."
locomo::conv-41_qa020,When did John take a road trip to the Pacific Northwest?,2022,historical-state,historical-state,fact_15d95c357df85dee;fact_3cd0c005b2b9b9ae;item_043154a720b5ce9e;item_95f57b7e8e14ed48;item_a689f0ffa250393c,fact_15d95c357df85dee;fact_3cd0c005b2b9b9ae;item_043154a720b5ce9e;item_95f57b7e8e14ed48;item_a689f0ffa250393c,,,True,True,True,True,high,True,True,True,,False,"Gold facts consistently identify a 2022 road trip involving John, aligning with the gold answer. 'Last year' and '2022' anchor the event. No conflicting dates or states exist. The target event is a single dated occurrence, fitting 'historical-state'."
locomo::conv-41_qa027,When did John have a party with veterans?,The Friday before 20 May 2023,ordering,historical-state,fact_0f951d76148f81a1;fact_579c9d0dc6ce8b7c;fact_e58934e6be413714;item_5c851f97b1c56d4e;item_d33341e417820780,fact_0f951d76148f81a1;fact_579c9d0dc6ce8b7c;fact_e58934e6be413714;item_5c851f97b1c56d4e;item_d33341e417820780,,,True,True,True,True,high,False,True,True,,True,"The gold facts directly identify John hosting a party for veterans on May 20, 2023, aligning with the gold answer. The Friday before May 20, 2023, is May 19, 2023, confirmed by item_d33341e417820780. No conflicting dates or orders exist. The temporal type is historical-state, as the query asks for a specific past date. No ordering or current-vs-old comparison is needed."
locomo::conv-41_qa031,When did John get his dog Max?,In 2013,historical-state,historical-state,fact_243e2c33bec9cf63;item_b1ce8c8b17d762af,fact_243e2c33bec9cf63;item_b1ce8c8b17d762af,fact_1bcb5dc59aa156f2;fact_2352ac5fb07f570c;fact_852ed0a3c3b7e423;item_4d32ba70158ac049;item_aa8df1a53c3af696;item_d7f47516c318afa5,fact_1bcb5dc59aa156f2;fact_2352ac5fb07f570c;fact_852ed0a3c3b7e423;item_4d32ba70158ac049;item_aa8df1a53c3af696;item_d7f47516c318afa5,True,True,True,True,high,True,True,True,,False,"Gold facts establish Max's 10-year family membership ending June 3, 2023, supporting 2013 acquisition. Conflicts include inconsistent ownership claims and dates, but no direct temporal contradiction. All facts target the same event. No ordering or current-vs-old comparison needed. Valid historical-state classification."
locomo::conv-41_qa056,When did John participate in a 5K charity run?,first weekend of August 2023,ordering,historical-state,fact_925e8fd8db087978;fact_9ee0324f4f818591;item_19f8d4ca51240a83;item_966945477aca5936,fact_925e8fd8db087978;fact_9ee0324f4f818591;item_19f8d4ca51240a83;item_966945477aca5936,fact_8b6821c3a0475304,fact_8b6821c3a0475304,True,True,True,True,high,False,True,True,,True,"Gold facts confirm John organized a 5K charity run in his neighborhood on or before August 9, 2023, aligning with the gold answer. The conflict fact states John organized the run but lacks a date, creating ambiguity. No ordering or current-vs-old comparison is needed. All facts are consistent with historical-state classification."
locomo::conv-42_qa008,When did Nate get his first two turtles?,2019,ordering,historical-state,item_55afb666e2f0ec10;item_5d6907fbc1f172fd,item_55afb666e2f0ec10;item_5d6907fbc1f172fd,fact_0d79fcb0e8aa0452;fact_5b0507fb2874e05f;fact_684393ce8f95cfe1;item_3ff2dcbe43289851;item_e6abbfdf40834530,fact_0d79fcb0e8aa0452;fact_5b0507fb2874e05f;fact_684393ce8f95cfe1;item_3ff2dcbe43289851;item_e6abbfdf40834530,True,True,True,True,high,False,True,True,,True,"Gold facts establish Nate owned two turtles by Jan 23, 2022, and had owned them for 3 years. Conflict facts state ownership at later dates (Oct 25, Sep 5, Nov 11, Nov 9, 2022), implying acquisition before 2019. The target event (first two turtles) is a single past state, not a sequence or comparison. Ordering is incorrect; historical-state fits best."
locomo::conv-42_qa015,When did Nate get purple hair?,"The week before 15April, 2022.",ordering,historical-state,item_6b74a4caeb182fbc;item_dffa45f621638781,item_6b74a4caeb182fbc;item_dffa45f621638781,fact_5b1265865c7f7e8d;fact_6a0d4376c14048fa,fact_5b1265865c7f7e8d;fact_6a0d4376c14048fa,True,True,True,True,high,False,True,True,,True,"The gold facts confirm purple hair on April 15, 2022, aligning with 'the week before 15April, 2022'. The conflict facts state 'as of April 15, 2022' for dyeing, which is consistent with the gold answer. No incompatible dates or orders exist. The temporal type should be historical-state, not ordering, as no relative timing or sequence is required."
locomo::conv-42_qa026,When did Nate win his third tourney?,"The week before 3June, 2022",ordering,ordering,item_131be2fea6caa75c;item_56edc3a93ad3bf7f,item_131be2fea6caa75c;item_56edc3a93ad3bf7f,,fact_412ffe73cc0c9754;fact_72d328c556473ad6;item_e9a133e40a27add3,True,True,True,True,high,True,True,False,,True,"Gold facts identify Nate's third tournament in the week before June 3, 2022. Conflicts include direct claims of winning on June 3, 2022, contradicting the required 'week before June 3'. The temporal type 'ordering' is correct as the task requires sequencing relative to June 3, 2022."
locomo::conv-42_qa029,When is Joanna going to make Nate's ice cream for her family?,"The weekend of 24June, 2022.",historical-state,historical-state,item_cbd82196539dc06c;item_d2f0a77ef667e5a1,item_cbd82196539dc06c;item_d2f0a77ef667e5a1,item_2eaad62cfcbab0cc;item_5f46daca766f207f;item_749cfc6f97a5bddc;item_a8233be32d156dd5;item_a962452ac1562031;item_ab7b883e0d2aef64,item_2eaad62cfcbab0cc;item_5f46daca766f207f;item_749cfc6f97a5bddc;item_a8233be32d156dd5;item_a962452ac1562031,True,True,True,True,high,True,True,False,,True,"Gold facts confirm Nate made vegan ice cream on June 17, 2022, and Joanna planned to try it on April 17, 2022—both support the weekend of June 24, 2022. Conflicts involve unrelated dates or events (e.g., November 11, 2022, or April 17, 2022) that do not contradict the target date. No facts directly conflict with the gold answer. Temporal type 'historical-state' is appropriate for a single specified date."
locomo::conv-42_qa033,When did someone write Joanna a touching letter?,"The week before 14August, 2022.",ordering,historical-state,item_2c89082b0195c7e9;item_cdfb2f0df58a3969,item_2c89082b0195c7e9;item_cdfb2f0df58a3969,,,True,True,True,True,high,False,True,True,,True,"The gold facts directly support the answer: a letter was received during the week of August 7, 2022, which aligns with 'the week before 14 August 2022'. No conflicting facts about the same event exist. The temporal operation is a direct lookup of a past event, fitting 'historical-state'."
locomo::conv-42_qa041,When did Joanna make a chocolate tart with raspberries?,"5 October, 2022",historical-state,historical-state,fact_b24a147aa1d42fdd;item_0cefc708bc72f13f,fact_b24a147aa1d42fdd;item_0cefc708bc72f13f,fact_153caaf980b06715;fact_355d1dc418aabfcf;item_65b85455fc13c0e2;item_a0b5d80aa3621a53;item_b915c0864b0ace6b;item_fcdc46318367e43c,fact_b24a147aa1d42fdd;item_0cefc708bc72f13f,True,True,False,False,high,True,True,False,fact_b24a147aa1d42fdd;item_0cefc708bc72f13f,True,"Gold facts correctly identify the tart made on October 5, 2022. Conflict list incorrectly includes gold facts. Conflicts must differ in date/order/answer; here, no incompatible claims exist. Only one valid gold fact (item_0cefc708bc72f13f) supports the answer. Remove gold facts from conflict list. Final conflict list should be empty."
locomo::conv-42_qa054,When was Joanna's second movie script shown on the big screens?,"The Sunday before 25October, 2022.",ordering,ordering,fact_06c8087343fc659f;item_031ed6195763195f;item_a3bf402e40c5bb00,fact_06c8087343fc659f;item_031ed6195763195f;item_a3bf402e40c5bb00,fact_06137e99e7e81ef9;fact_b462ec2efe8841c1;fact_e77291a801145502;item_6714808a0ab2a63b;item_a53a54b385ef64d7;item_b9ce82b7b273c430,fact_06137e99e7e81ef9;fact_b462ec2efe8841c1;fact_e77291a801145502;item_6714808a0ab2a63b;item_a53a54b385ef64d7;item_b9ce82b7b273c430,True,False,False,False,low,True,True,True,,True,"Gold facts must directly support the gold answer. 'item_a3bf402e40c5bb00' (2019) is irrelevant to the 2022 premiere. 'item_031ed6195763195f' and 'fact_06c8087343fc659f' are consistent but do not specify the Sunday before October 25, 2022. Conflicts are not incompatible with gold; e.g., 'fact_06137e99e7e81ef9' (Nov 7) is not a conflict with the answer. Temporal type 'ordering' is incorrect; the task requires a specific date, not sequence."
locomo::conv-42_qa072,When did Joanna plan on going to Nate's to watch him play with his turtles?,"10 November, 2022",historical-state,historical-state,fact_1dd2aabbcd28ed29;fact_33135455d5d7bf98;fact_b3430541edad1b07;item_66044f38b1943a73;item_71a33ed37392956a;item_9f1971d35919b607;item_e3a5b7361c6cbb30,fact_1dd2aabbcd28ed29;fact_33135455d5d7bf98;fact_b3430541edad1b07;item_0d0568ba48b3bc27;item_66044f38b1943a73;item_71a33ed37392956a;item_9f1971d35919b607,fact_d1bd3c4b0d338b56;fact_ef1e068f6a2af62b;item_0d0568ba48b3bc27;item_bea94e7f507f6203;item_de4c54c57077fa28,fact_d1bd3c4b0d338b56;fact_ef1e068f6a2af62b;item_0d0568ba48b3bc27;item_bea94e7f507f6203;item_de4c54c57077fa28,True,True,False,False,low,True,False,True,item_0d0568ba48b3bc27,True,"Conflicts must contradict the gold answer on the same target. 'item_0d0568ba48b3bc27' (March 18, 2022) is irrelevant to the visit plan. 'fact_d1bd3c4b0d338b56' (Feb 7, 2022) and 'fact_ef1e068f6a2af62b' (Apr 21, 2022) are unrelated. Only 'item_66044f38b1943a73' and 'item_71a33ed37392956a' (Nov 9, 2022) are relevant. Gold list exceeds 8; conflict list contains non-conflicting facts."
locomo::conv-43_qa020,Which city was John in before traveling to Chicago?,Seattle,ordering,ordering,fact_45d752efeced2f7c;item_7b2e8d3be044200b;item_df8fd592342bb3f9,fact_45d752efeced2f7c;item_7b2e8d3be044200b;item_df8fd592342bb3f9,,,True,True,True,True,high,True,True,True,,False,"Gold facts confirm John's positive association with Seattle as of July 16, 2023, supporting Seattle as his prior city. No conflicting facts about location order exist. The question requires ordering of travel events, justifying 'ordering' type. No valid conflicts identified."
locomo::conv-43_qa039,What year did Tim go to the Smoky Mountains?,2022,historical-state,historical-state,item_6b6854e1c200ce0e,item_6b6854e1c200ce0e,,,True,True,True,True,high,True,True,True,,False,"The gold fact directly states Tim's trip to the Smoky Mountains in 2022, matching the gold answer. No other fact contradicts this date for the same event. Other facts are about different trips, interests, or times, and do not conflict. The label 'historical-state' is appropriate as the query asks for a specific past event with a known date."
locomo::conv-43_qa046,Where was Tim in the week before 16 November 2023?,UK,ordering,historical-state,item_283dd1b56103e11d;item_80cb7a653c1106a2,item_283dd1b56103e11d,,,True,True,True,True,high,False,False,True,,True,"The question asks for Tim's location in the week before 16 November 2023. Fact 'item_283dd1b56103e11d' directly states he was in the UK on 10 November 2023, which falls in the target window. No conflicting facts about location exist. Other facts are about studies, exams, or unrelated events. The temporal type is historical-state, not ordering, as no sequence or comparison is required."
locomo::conv-43_qa047,When did John get married at a greenhouse?,last week of September 2023,current-vs-old,historical-state,item_696a45cf60711e08;item_699e3714e9cabf9b;item_eb7ebd4d827556e3;item_f51559466526d34e,item_696a45cf60711e08;item_699e3714e9cabf9b;item_eb7ebd4d827556e3;item_f51559466526d34e,item_92639ba9cc8c0e42;item_eeeb2dcf5df6cfd1,item_92639ba9cc8c0e42;item_eeeb2dcf5df6cfd1,True,True,True,True,high,False,True,True,,True,"Gold facts confirm the wedding occurred in late September 2023 at a greenhouse. Conflict facts state marriage as of November 11, 2023, and a December photoshoot, contradicting the timeline. No ordering or current-vs-old comparison is needed. Temporal type is correctly historical-state."
locomo::conv-43_qa054,When did John take a trip to the Rocky Mountains?,2022,historical-state,historical-state,item_2a7a5239aee02d68;item_6b6854e1c200ce0e,item_2a7a5239aee02d68,fact_dc3e44c210bd664d,fact_dc3e44c210bd664d,True,True,True,True,high,True,False,True,,True,Only 'item_2a7a5239aee02d68' directly supports the gold answer (2022). 'fact_dc3e44c210bd664d' conflicts by placing the trip in Dec 2023. 'item_6b6854e1c200ce0e' is irrelevant (Tim's trip). All other facts are either irrelevant or not time-specific enough. Temporal type 'historical-state' is appropriate for a single dated event.
locomo::conv-43_qa069,When will Tim leave for Ireland?,"February, 2024",historical-state,historical-state,fact_40044a3f0e79ccba;item_0abcd095d346b5f4,fact_40044a3f0e79ccba;item_0abcd095d346b5f4,,,True,True,True,True,high,True,True,True,,False,"The gold facts directly state Tim's plan to go to Ireland in February 2024, aligning with the gold answer. The duplicate IDs refer to the same fact. No conflicting facts exist; other events are unrelated or refer to different destinations/times. The temporal type 'historical-state' is appropriate as the query asks for a specific past/future date without comparison or ordering."
locomo::conv-44_qa005,When did Audrey see a hummingbird?,first week of May 2023,ordering,historical-state,item_0500e26422491f7e;item_431f3ce9dcc020d9,fact_12865f1a62ee1e01;item_20250916cfef723e,,,True,True,True,True,high,False,False,True,,True,"The gold answer specifies a date in May 2023. Fact 'item_20250916cfef723e' directly states Audrey observed a hummingbird during the week of April 26, 2023, which conflicts with the gold answer. However, 'fact_12865f1a62ee1e01' states the same event with a different date (April 26, 2023), making it a conflict. The proposed gold facts are irrelevant. The correct temporal type is historical-state, as the question asks for a specific past time. No valid conflicts exist; the proposed conflict list is empty but should include the April 26 fact."
locomo::conv-44_qa010,When did Audrey's positive reinforcement training course for dogs take place?,"June, 2023",historical-state,historical-state,item_2790a25ffaa0bba5;item_be0e43befd30e96e,item_2790a25ffaa0bba5;item_be0e43befd30e96e,fact_1154d42659ecfaf4;fact_3450ea9aa0d7e50b;fact_48ade0de394e34d4;fact_6fe3b4383a0c5973;item_e0a64cbaa45354a5;item_e27dfbcce8c24b68,fact_1154d42659ecfaf4;fact_3450ea9aa0d7e50b;fact_48ade0de394e34d4;fact_6fe3b4383a0c5973;item_e0a64cbaa45354a5;item_e27dfbcce8c24b68,True,True,True,True,high,True,True,True,,False,"Only 'item_2790a25ffaa0bba5' (June 2023 course) and 'item_be0e43befd30e96e' (May 11, 2023 advocacy) are gold. Others are either irrelevant or not conflicting. 'item_e27dfbcce8c24b68' and 'item_e0a64cbaa45354a5' are consistent with gold. Conflicts are invalid as they don't contradict the gold answer. Corrected gold: only item_2790a25ffaa0bba5. Conflict list overbroad."
locomo::conv-44_qa022,Where did Andrew go during the first weekend of August 2023?,camping with girlfriend,ordering,historical-state,fact_d8fe36d8b0a65fb1;item_45e7887381aaf8b3;item_6dfe3e51afc3a0e3;item_a9787ab464fb8e8a,fact_d8fe36d8b0a65fb1;item_45e7887381aaf8b3;item_6dfe3e51afc3a0e3;item_a9787ab464fb8e8a,,,True,True,True,True,high,False,True,True,,True,"The gold facts confirm Andrew's weekend activity in August 2023, with consistent details about fishing with his girlfriend. The target event is a single dated occurrence, not requiring ordering or comparison. No conflicting facts about the same event exist. The proposed 'ordering' type is incorrect; this is a direct historical-state lookup."
locomo::conv-44_qa055,When did Andrew make his dogs a fun indoor area?,"few days before November 22, 2023",ordering,historical-state,fact_d23d439244bd54af;item_06544fb3ac130cd2;item_30703760ffe974b2;item_6f1b5be68f073537;item_93c65a245d6587d0;item_e2a7c405a0b2b007,fact_d23d439244bd54af;item_06544fb3ac130cd2;item_30703760ffe974b2;item_6f1b5be68f073537;item_93c65a245d6587d0;item_e2a7c405a0b2b007,fact_2d79da7ca35ce7bd;fact_eacf2f2249a4850f;item_256b6d29c204bdf4;item_3afe9f551bc08864,fact_2d79da7ca35ce7bd;fact_eacf2f2249a4850f;item_256b6d29c204bdf4;item_3afe9f551bc08864,True,True,True,True,high,False,True,True,,True,"The question asks for a specific time related to a past event. The gold facts confirm the dog adoption and related actions near November 22, 2023. Conflicts involve earlier statements about dogs but do not contradict the target event's timing. No ordering or current-vs-old comparison is needed. The proposed type 'ordering' is incorrect; 'historical-state' fits best."
locomo::conv-44_qa057,When did Andrew adopt Scout?,few days before November 2023,ordering,historical-state,fact_69b2c6ee3fb002e9;fact_864c6973e928913f;item_06544fb3ac130cd2;item_50112c0a4d691a0d,fact_69b2c6ee3fb002e9;fact_864c6973e928913f;item_06544fb3ac130cd2;item_50112c0a4d691a0d,,,True,True,True,True,high,False,True,True,,True,"The gold facts directly support adoption occurring a few days before November 22, 2023. 'item_06544fb3ac130cd2' and 'item_50112c0a4d691a0d' both state adoption occurred recently before the reference date. The other gold facts confirm Scout's existence and naming on that date. No conflicting dates or states are present; all facts align with the gold answer. The proposed 'ordering' type is incorrect—this is a single temporal fact with a specific time point."
locomo::conv-47_qa021,When did John first organize a charity tournament with his friends?,"May 7, 2022",ordering,historical-state,fact_4015b3d9e39f0db3;fact_4e070905e7e602c8;fact_7fa8f814f07cbbbd;fact_b28c4047dd1fd2ac;item_8f6f97b92f843875;item_f221fdb4dbe62f4b,fact_4015b3d9e39f0db3;fact_4e070905e7e602c8;fact_7fa8f814f07cbbbd;fact_b28c4047dd1fd2ac;item_8f6f97b92f843875;item_cf0e459e7568403b;item_f221fdb4dbe62f4b,fact_9e3f498dc0e19e14;fact_eaa069c741f2b9c0;item_304c01f3eedbf045;item_3e2e7d245d585558,fact_9e3f498dc0e19e14;fact_eaa069c741f2b9c0;item_304c01f3eedbf045;item_3e2e7d245d585558,True,True,True,True,high,False,False,True,,True,"Gold facts directly support May 7, 2022, as the date of the first charity tournament. Conflicts involve events on May 8, October 30, and October 31, 2022, which are later or ambiguous. No ordering or current-vs-old comparison is needed. The proposed type 'ordering' is incorrect; 'historical-state' is correct."
locomo::conv-47_qa037,When did John spend time with his sister and dogs?,"July 21, 2022",historical-state,historical-state,fact_bd315043f0c7ce60;item_5e092aabddd44334;item_a9ffdd50403128e5,fact_bd315043f0c7ce60;item_5e092aabddd44334;item_96b26bfab571e732,,,True,True,True,True,high,True,False,True,,True,"Fact IDs 'fact_bd315043f0c7ce60' and 'item_5e092aabddd44334' both confirm John (not James) spent time with sister and dogs on July 21, 2022. 'item_96b26bfab571e732' supports the date via James's photo activity. No conflicting evidence on the event date. 'item_a9ffdd50403128e5' is about James, not John, and is irrelevant. No conflicts exist."
locomo::conv-48_qa002,When did Deborah`s mother pass away?,a few years before 2023,ordering,historical-state,item_568dd3ac81ace736,fact_29bfcaf84f8b1f37;item_549ce6659e4480f5,fact_29bfcaf84f8b1f37;item_549ce6659e4480f5,item_568dd3ac81ace736,True,True,True,True,high,False,False,False,,True,"The gold answer is 'a few years before 2023', so facts stating the mother passed away without a specific date support this. The fact with 'January 27, 2023' conflicts as it contradicts the 'a few years before' timeline. The photo fact is irrelevant. Ordering is not required; the task is a single historical state."
locomo::conv-48_qa012,When did Deborah receive an appreciation letter from her community?,"January 26, 2023",historical-state,historical-state,fact_a4c360014ede9af2;item_6e42561de963c3b7,fact_a4c360014ede9af2;item_6e42561de963c3b7,,,True,True,True,True,high,True,True,True,,False,"Both gold facts state the same event—Deborah receiving an appreciation letter on January 26, 2023—with consistent timing. No conflicting dates or states exist. The temporal type 'historical-state' is appropriate as the task requires a direct lookup of a single dated event. No ordering or comparison is needed."
locomo::conv-48_qa021,"When do Jolene and her partner plan to complete the game ""Walking Dead""?","Saturday after 27 January, 2023",ordering,historical-state,fact_efcc646040403e2a;item_6a716bf7230eca6d;item_c0f38a1a9a5e9dcd,fact_efcc646040403e2a;item_6a716bf7230eca6d;item_c0f38a1a9a5e9dcd,fact_1a0bd3aeaded0054;fact_7cdbcffad2ea6e7a;fact_87e5dcce209a5d17;item_5e6821b59a537ca2;item_915abc1a319a460e,fact_1a0bd3aeaded0054;fact_7cdbcffad2ea6e7a;fact_87e5dcce209a5d17;item_5e6821b59a537ca2;item_915abc1a319a460e,True,True,True,True,high,False,True,True,,True,"Gold facts confirm Jolene and partner's plan to play 'Walking Dead' on Feb 4, 2023, and their shared gaming interest. Conflict facts mention other games or plans on different dates, but do not contradict the target event's date. No ordering or current-vs-old comparison is needed. The target is a single planned event with a specific date."
locomo::conv-48_qa031,When was the last photo of Deborah and Karlie taken?,in summer 2022,current-vs-old,historical-state,fact_bc5544c39fcdce09;item_6f8d1ac2d7ad38fd,fact_bc5544c39fcdce09;item_6f8d1ac2d7ad38fd,fact_664a24955b5754eb,fact_664a24955b5754eb,True,True,True,True,high,False,True,True,,True,"The gold facts directly state the last photo of Deborah and Karlie was in summer 2022. Fact_664a24955b5754eb describes a different photo (motorcycle ride) with no date, conflicting on the event. No comparison or ordering is needed; the task is a direct lookup. The proposed 'current-vs-old' is incorrect; 'historical-state' fits best."
locomo::conv-48_qa043,When did Deborah go for a bicycle ride with Anna?,"first week of April, 2023",ordering,historical-state,item_a5eb025f06524aa8;item_e193d6cae59f052c,item_a5eb025f06524aa8;item_e193d6cae59f052c,,,True,True,True,True,high,False,True,True,,True,"The gold facts directly confirm Deborah attended an art show with Anna on April 9, 2023, aligning with the gold answer of the first week of April 2023. No conflicting facts exist for the same event with incompatible dates. The temporal operation is a direct lookup of a single dated event, fitting historical-state. The proposed 'ordering' type is incorrect; no relative ordering or sequence is required."
locomo::conv-48_qa050,Which year did Jolene start practicing yoga?,2020,historical-state,historical-state,fact_756a07b372d6f2a6;fact_a9dd832c9886236d;item_3152fc9e45aad5f6;item_dcb04c417a082cf9;item_e90daf17dd99a0a3,fact_756a07b372d6f2a6;fact_a9dd832c9886236d;item_3152fc9e45aad5f6;item_dcb04c417a082cf9;item_e90daf17dd99a0a3,fact_8efd66659fcff64f;item_143d9b60a2546add;item_747082faf304019a;item_c93347b1d75fece6;item_e9d8d60e95227f3a,fact_8efd66659fcff64f;item_143d9b60a2546add;item_747082faf304019a;item_c93347b1d75fece6;item_e9d8d60e95227f3a,True,True,True,True,high,True,True,True,,False,"Gold facts establish Jolene's 3-year yoga practice as of June 2023, supporting 2020 start. Conflicts misattribute the activity or lack specificity. All facts align with historical-state type. No contradictions in fact IDs or temporal logic."
locomo::conv-48_qa052,When did Jolene lose a lot of progress in her work?,last week of July 2023,current-vs-old,historical-state,fact_93d73d6678a649b0;item_0c518202b8da6e32,fact_93d73d6678a649b0;item_0c518202b8da6e32,,,True,True,True,True,high,False,True,True,,True,"The gold facts directly state Jolene lost all work during the week of July 25, 2023, matching the gold answer. The duplicate fact IDs refer to the same event. No conflicting facts exist; other facts are either irrelevant or describe different timeframes. The task requires a single historical date, not comparison or ordering."
locomo::conv-48_qa055,Which pet did Jolene adopt more recently - Susie or Seraphim?,Seraphim,current-vs-old,current-vs-old,fact_9f2410c4892794fd;item_0a84efd393b070d8;item_297a4f8724b53855;item_8f0793dcd3d69d7e;item_a1f65e3a606f4e79,fact_9f2410c4892794fd;item_0a84efd393b070d8;item_297a4f8724b53855;item_8f0793dcd3d69d7e;item_a1f65e3a606f4e79,fact_4d4cb8f7a57d5636;fact_9e1250c7543ff0c2;fact_b05c983b53e88bfd;fact_fc2e36b36bf7526d;item_a682f7d0f8423e38;item_e7dca52b1894dd6e,fact_4d4cb8f7a57d5636;fact_9e1250c7543ff0c2;fact_b05c983b53e88bfd;fact_fc2e36b36bf7526d;item_a682f7d0f8423e38;item_e7dca52b1894dd6e,True,True,True,True,high,True,True,True,,False,"Gold facts establish Seraphim's ownership with specific dates (Jan 27, 2023; March 2, 2023). Conflicts involve Susie's adoption in 2021/2022 vs. 2023 ownership claims. Temporal type 'current-vs-old' correctly captures comparison of recent adoption. All IDs align with target event and answer."
locomo::conv-48_qa065,Which country was Jolene located in during the last week of August 2023?,Brazil,current-vs-old,historical-state,item_b3686f4ebf49b554;item_c1df0a96235d9219,fact_6a18a39cee41db6c;fact_774fb57453a25984;fact_7bb225a520060b08;fact_85435350d7a2d17c;fact_8b6549c0cacf41a4;item_049975a71e13b9a9;item_09f33517695b3c9e;item_c1df0a96235d9219,,item_2216462db1094e1d;item_2625dfe79d68b85e;item_2eae4bc3cb45dbbf;item_404562d721e2252e;item_5244e6697ad6892f;item_54e3239fc5e6bf4b;item_5c4faa63d08ecd5b;item_8a17d17cc288de69,True,True,True,True,high,False,False,False,,True,"Gold facts confirm Jolene was in Rio de Janeiro (Brazil) during late August 2023. Conflict facts describe later trips (e.g., Phuket, September) or ambiguous timing, contradicting Brazil as the location in late August. Temporal type is historical-state, not current-vs-old, as the query asks for a past state, not a comparison."
locomo::conv-48_qa071,When did Deborah go to a community meetup?,last week of August 2023,current-vs-old,historical-state,fact_470bcaabccd8c911;item_1567748661347925,fact_470bcaabccd8c911;item_1567748661347925,,,True,True,True,True,high,False,True,True,,True,"The gold answer specifies a single date: last week of August 2023. Fact IDs fact_470bcaabccd8c911 and item_1567748661347925 both state Deborah attended a meetup on August 25, 2023, which falls within that window. No conflicting facts about the same event exist. The temporal type should be historical-state, not current-vs-old, as no comparison between states is required."
locomo::conv-49_qa022,When Evan did meet his future wife?,"week before August 7, 2023.",ordering,ordering,item_3d1fb10a6baf1452;item_9b50a5b2af9a70ae,item_3d1fb10a6baf1452;item_9b50a5b2af9a70ae,,,True,True,True,True,high,True,True,True,,False,"Gold facts establish Evan's state before August 7, 2023, and his enjoyment of a female companion on that date, supporting the 'week before August 7, 2023' timeline. No conflicting facts about the meeting time exist. The marriage facts are post-dated and do not contradict the gold timeline. The proposed 'ordering' type is appropriate."
locomo::conv-49_qa023,When did Sam start working out at the gym?,"July 28, 2023",historical-state,historical-state,fact_a09ee77da278a46b;fact_f0c92b91a0c798fc;item_aa46c9c520b63c70;item_e6c8d3d9c9392b01,fact_a09ee77da278a46b;fact_f0c92b91a0c798fc;item_aa46c9c520b63c70;item_e6c8d3d9c9392b01,,,True,True,True,True,high,True,True,True,,False,"The gold facts consistently state Sam's plan to start gym workouts on July 28, 2023, with multiple sources confirming this. No conflicting dates or states are present. The temporal type 'historical-state' is appropriate for a single, directly stated event date. All proposed IDs align with the gold answer and fact content."
locomo::conv-49_qa053,When did Evan and Sam decide to paint together?,"Saturday after 11 September, 2023.",ordering,historical-state,fact_22467a57d0f11920;fact_45f1ad7c38dd3df9;fact_6997e873b0b29ebb;fact_e0afc988f6c0cbf6;item_67f57b469a8009ce;item_83966f14c9fdc1ee,fact_22467a57d0f11920;fact_45f1ad7c38dd3df9;fact_6997e873b0b29ebb;fact_e0afc988f6c0cbf6;item_67f57b469a8009ce;item_73cca08e07ff8bd7;item_7faaaca5e16d7561;item_83966f14c9fdc1ee,fact_09e2460bfb080265;fact_9a51d50f305fb632;item_a44c330b35df8951;item_ab28b0ac3e4d3745;item_b2834864bab97dcd;item_e75dc240f601258f,fact_09e2460bfb080265;fact_9a51d50f305fb632;item_a44c330b35df8951;item_ab28b0ac3e4d3745;item_b2834864bab97dcd;item_e75dc240f601258f,True,True,True,True,high,False,False,True,,True,"Gold facts confirm the painting plan on Saturday, September 16, 2023, with multiple consistent references. Conflicts involve unrelated future plans (Dec, Oct, Nov) and non-painting activities. No temporal comparison or ordering needed; the gold answer is a single historical date. Proposed 'ordering' is incorrect; 'historical-state' fits best."
locomo::conv-49_qa066,When did Evan lose his job?,end of October 2023,historical-state,historical-state,fact_5d6192def49cae08;item_08c4c5dbf2c471a9,fact_5d6192def49cae08;item_08c4c5dbf2c471a9,,,True,True,True,True,high,True,True,True,,False,"Both gold facts state Evan lost his job in October 2023, directly supporting the gold answer. No conflicting dates or states are present. The proposed temporal type 'historical-state' is appropriate as the query asks for a specific past time. No conflicts exist; other facts are either irrelevant or describe different events."
locomo::conv-49_qa067,When did Evan and Sam planned a trip to the beach together?,"December, 2023",historical-state,historical-state,fact_09e2460bfb080265;item_9b71b03ca4eac64d;item_a44c330b35df8951,fact_09e2460bfb080265;item_a44c330b35df8951,fact_b5edbf9c0e6e259b;item_2b177540254ed47f;item_67f57b469a8009ce;item_ab28b0ac3e4d3745;item_b2834864bab97dcd;item_e75dc240f601258f,item_67f57b469a8009ce;item_b2834864bab97dcd;item_e75dc240f601258f,True,True,True,True,high,True,False,False,,True,"Gold facts confirm December 2023 trip planning. Conflict facts reference future or different past trips (e.g., September 2023, October 2023, future). 'Item_9b71b03ca4eac64d' (Dec 31, 2023) is irrelevant. 'Item_67f57b469a8009ce' and 'item_b2834864bab97dcd' conflict on timing. 'Item_e75dc240f601258f' is future, not conflicting. Only three conflicts valid. Gold list trimmed to two distinct facts."
locomo::conv-49_qa073,When is Evan planning a big family reunion?,Summer 2024,historical-state,historical-state,item_125801f941ed9671;item_e1a4465c03999bf3,item_125801f941ed9671;item_e1a4465c03999bf3,,,True,True,True,True,high,True,True,True,,False,"Both gold facts directly state Evan's plan for a summer 2024 family reunion, aligning with the gold answer. No conflicting dates or states are present. The proposed temporal type 'historical-state' is appropriate as the query asks for a specific planned time, and no comparison or ordering is required."
locomo::conv-49_qa079,When will Evan and his partner have their honeymoon in Canada?,February 2024,historical-state,historical-state,item_0ca4ad5669685c74,item_0ca4ad5669685c74,fact_3e00161798f5aa01;item_ea0c4f8e34dda4e0,fact_3e00161798f5aa01;item_ea0c4f8e34dda4e0,True,True,True,True,high,True,True,True,,False,"Gold fact directly states the honeymoon is in February 2024. Conflict facts mention partner's origin and a past trip, but do not contradict the date. No ordering or current-vs-old comparison needed. Fact IDs are valid and consistent with the target event."
locomo::conv-50_qa000,When did Calvin first travel to Tokyo?,between 26 March and 20 April 2023,ordering,ordering,fact_1aa34e8a403bb43c;fact_81c83e470409d2c8;item_06ebc10e23dffaa2;item_6704b5bad178e78b;item_b75543e71e08c7ba;item_dcc5f6fcdd491b77,fact_1aa34e8a403bb43c;fact_81c83e470409d2c8;item_06ebc10e23dffaa2;item_6704b5bad178e78b;item_b75543e71e08c7ba;item_dcc5f6fcdd491b77,fact_5dfe6a0da15b5ef3;item_82522e68282faf2f,fact_5dfe6a0da15b5ef3;item_82522e68282faf2f,True,True,True,True,high,True,True,True,,False,"Gold facts establish a timeline: Calvin's initial plan (March 23, 2023), attendance in Tokyo by April 20, 2023, and a future trip. Conflicts arise from later plans (Nov 2023, July 2023) contradicting the first trip. Ordering is required to sequence events. All IDs align with the temporal type and labels."
locomo::conv-50_qa012,When was Calvin's concert in Tokyo?,last week of May 2023,current-vs-old,historical-state,fact_8654745cf55b5b51;fact_9344cf356c0dba8e;item_59e2e61cee710cd7;item_753a93cc9c7453c3;item_76a1e436e07e4ada,fact_8654745cf55b5b51;fact_9344cf356c0dba8e;item_59e2e61cee710cd7;item_753a93cc9c7453c3;item_76a1e436e07e4ada,item_02fc4602141fee17;item_4b24ead55a59c55d;item_4fe5de52be25c0f1;item_82522e68282faf2f;item_b198b9a06b02b0ab;item_dcc5f6fcdd491b77,item_02fc4602141fee17;item_4b24ead55a59c55d;item_4fe5de52be25c0f1;item_82522e68282faf2f;item_dcc5f6fcdd491b77,True,True,True,True,high,False,True,False,,True,"Gold facts consistently identify May 2023 as the concert timeframe. Conflicts involve later dates (Aug/Oct 2023) or ambiguous 'recently' claims. No explicit current-vs-old contrast. The question asks for a specific past date, fitting historical-state. Proposed label is incorrect; correct type is historical-state."
locomo::conv-50_qa031,Where was Dave in the last two weeks of August 2023?,San Francisco,current-vs-old,historical-state,item_319af4fa5d846c21;item_db6e5bedbec96b01,item_319af4fa5d846c21;item_db6e5bedbec96b01,,,True,True,True,True,high,False,True,True,,True,"The question asks for Dave's location in late August 2023. Fact 'item_319af4fa5d846c21' confirms he was in San Francisco on August 14, 2023, directly supporting the gold answer. Fact 'item_db6e5bedbec96b01' places him in San Francisco on September 1, 2023, which is outside the target window. No conflicting evidence exists for the same target period. The temporal type is historical-state, not current-vs-old, as no comparison between states is required."
locomo::conv-50_qa035,When did Calvin book flight tickets to Boston?,last week of August 2023,current-vs-old,historical-state,fact_1823436e5c09183c;fact_1f55966869949de2;item_abd519edf8496778;item_e1741b2cde4c4e29,fact_1823436e5c09183c;fact_1f55966869949de2;item_abd519edf8496778;item_e1741b2cde4c4e29,,,True,True,True,True,high,False,True,True,,True,The gold facts directly support 'last week of August 2023' with consistent dates. No conflicting facts contradict this. The proposed 'current-vs-old' is incorrect; the task is a direct lookup of booking time. Conflicts are absent. All gold facts are relevant and consistent.
locomo::conv-50_qa038,When did Dave have a great jam session with his band?,"September 14, 2023",historical-state,historical-state,fact_2e55e9be183aed3f;fact_8d04f26000864cef;item_800b9221ad8e12b5;item_845875128c8a3d79;item_c140c7dbc481df2b;item_c7ca78044d5b9a81,fact_2e55e9be183aed3f;fact_8d04f26000864cef;item_800b9221ad8e12b5;item_845875128c8a3d79;item_c140c7dbc481df2b;item_c7ca78044d5b9a81,,,True,True,True,True,high,True,True,True,,False,"Gold facts confirm a jam session on or before September 15, 2023, with specific mention of September 14, 2023. The gold answer (Sept 14, 2023) aligns with the most specific event. Conflicts are absent as no fact contradicts the target date. All gold facts are consistent with the historical-state type."
locomo::conv-50_qa048,What was Dave doing in the first weekend of October 2023?,attending a car show,ordering,historical-state,item_3a6bf5de63a3317b;item_67bc09c30e80c65e;item_e8416831e92640a5,item_3a6bf5de63a3317b;item_67bc09c30e80c65e;item_e8416831e92640a5,,,True,True,True,True,high,False,True,True,,True,"The gold facts confirm Dave attended a car show on October 6, 2023, and expressed interest in car events around that time. Fact about working on a car project on October 29, 2023, is not conflicting but irrelevant. No facts contradict the gold answer. The task is a direct lookup of past activity, fitting 'historical-state'."
locomo::conv-50_qa050,When did Calvin buy his second Ferrari?,first week of October 2023,ordering,historical-state,fact_d36c122562d31f8d;item_3f3582cc5cb33561;item_7ed6a8002f80ee81,fact_d36c122562d31f8d;item_3f3582cc5cb33561;item_7ed6a8002f80ee81,,,True,True,True,True,high,False,True,True,,True,"The gold facts confirm Calvin owned a new Ferrari by October 15, 2023, and purchased it in the week preceding that date, aligning with the gold answer. No conflicting facts about the purchase date exist. The task is a direct lookup of when the second Ferrari was bought, fitting 'historical-state'."
locomo::conv-50_qa052,When did Calvin plan on travelling to Tokyo the second time?,November 2023,historical-state,historical-state,fact_5dfe6a0da15b5ef3;fact_fdcadf9593e7e243;item_82522e68282faf2f;item_8a14c086702caef1,fact_5dfe6a0da15b5ef3;fact_fdcadf9593e7e243;item_82522e68282faf2f;item_8a14c086702caef1,,,True,True,True,True,high,True,True,True,,False,"The gold facts consistently state Calvin's second Tokyo trip is in November 2023, supported by timing relative to his current tour. No conflicting dates for the same event exist. The proposed temporal type 'historical-state' is appropriate as the query asks for a specific past-dated event with no need for comparison or ordering."
locomo::conv-50_qa067,Where was Calvin located in the last week of October 2023?,Tokyo,current-vs-old,historical-state,fact_fdcadf9593e7e243;item_3c1bf895f9f027e4;item_517a98b11c0282df;item_8a14c086702caef1,fact_fdcadf9593e7e243;item_3c1bf895f9f027e4;item_517a98b11c0282df;item_8a14c086702caef1,,,True,True,True,True,high,False,True,True,,True,"The question asks for Calvin's location during a specific past period (last week of October 2023). Fact 'item_517a98b11c0282df' directly states he hosted a party at his Japanese house during that week, supporting Tokyo as the answer. Other facts confirm his presence in Japan around that time. No conflicting evidence places him elsewhere. The temporal operation is a direct lookup, not a comparison or ordering."
locomo::conv-50_qa068,When did Dave find the car he repaired and started sharing in his blog?,last week of October 2023,current-vs-old,historical-state,fact_3c32458285703c70;fact_c6c0e4349ab858c3;item_a77da0752f257680;item_ab80aa2cf37d893c;item_bc85cdd74b0c8925,fact_3c32458285703c70;fact_c6c0e4349ab858c3;item_a77da0752f257680;item_bc85cdd74b0c8925,fact_593a410abafe3842;fact_b7dcff2c66a70a3d;fact_cbf67ec9afa1c018;item_b8d559526e98f06c,fact_593a410abafe3842;fact_b7dcff2c66a70a3d;fact_cbf67ec9afa1c018,True,True,True,True,high,False,False,False,,True,"Gold facts identify when Dave found the car (Oct 26, 2023) and shared it (Oct 4, 2023), aligning with the gold answer. Conflict facts mention blog start (Nov 2) and general car work, but do not contradict the target event. No current-vs-old or ordering is required. The proposed type 'current-vs-old' is incorrect; the task is a direct lookup of a past event."
longmemeval::0bc8ad93,I mentioned visiting a museum two months ago. Did I visit with a friend or not?,"No, you did not visit with a friend.",historical-state,historical-state,fact_3b9db1d3225e5238;fact_a43627f48ad5c662,fact_3b9db1d3225e5238;fact_a43627f48ad5c662,,,True,True,True,True,high,True,True,True,,False,"Both gold facts confirm the user visited the Science Museum with a friend before October 22, 2022. The gold answer states they did not visit with a friend, creating a conflict. However, the facts are consistent with the visit occurring with a friend, so they should be labeled as conflict. The proposed gold facts are incorrect; they are actually conflict facts. The temporal type 'historical-state' is valid, but the gold/conflict assignment is flawed."
longmemeval::2ebe6c92,Which book did I finish a week ago?,'The Nightingale' by Kristin Hannah,historical-state,historical-state,fact_087c1c39abab8bf0;fact_5fde387b7ede0f36,fact_087c1c39abab8bf0;fact_5fde387b7ede0f36,,,True,True,True,True,high,True,True,True,,False,"Fact_5fde387b7ede0f36 directly states the user finished 'The Nightingale' on January 31, 2023, which is one week before the reference date (2023/02/07). Fact_087c1c39abab8bf0 provides the start date, supporting the timeline. No conflicting facts about the book's completion exist. All other facts are irrelevant or topical but not conflicting."
longmemeval::71017277,I received a piece of jewelry last Saturday from whom?,my aunt,current-vs-old,historical-state,fact_82661c6a6100d257,fact_82661c6a6100d257,,,True,True,True,True,high,False,True,True,,True,"The gold fact directly states the user received jewelry (chandelier) from their aunt on March 4, 2023, matching the gold answer. No conflicting facts exist; other facts are topically related but do not contradict the event. The temporal operation is a simple lookup of a past event, fitting 'historical-state'."
longmemeval::9a707b82,I mentioned cooking something for my friend a couple of days ago. What was it?,a chocolate cake,historical-state,historical-state,fact_fdcb454df7baf939,fact_fdcb454df7baf939,,,True,True,True,True,high,True,True,True,,False,"Fact 'fact_fdcb454df7baf939' directly supports the gold answer (chocolate cake) with a specific date (April 2-3, 2022), fitting 'historical-state'. No other fact contradicts this. Other facts are either irrelevant or describe different events. No conflicts exist."
longmemeval::gpt4_2655b836,What was the first issue I had with my new car after its first service?,GPS system not functioning correctly,ordering,historical-state,fact_0340ea761b441048,fact_0340ea761b441048,,,True,True,True,True,high,False,True,True,,True,"The gold fact directly supports the GPS malfunction post-service. No conflicting facts about the GPS issue exist. The question asks for the first issue after service, which is a single historical state. Ordering is not required. Other facts are irrelevant or about unrelated topics."
longmemeval::gpt4_2f56ae70,Which streaming service did I start using most recently?,Disney+,current-vs-old,current-vs-old,fact_97cdd3337dcfbef0;fact_e6e2060f2598e0bb,fact_97cdd3337dcfbef0;fact_b3631445f4f1fcfd,,fact_e6e2060f2598e0bb,True,True,True,True,high,True,False,False,,True,"Gold facts establish Disney+ trial start in April 2023 and recent viewing. Fact_e6e2060f2598e0bb conflicts as Apple TV+ use is ongoing, contradicting Disney+ as most recent. Other facts are irrelevant or confirmative. Temporal type matches current-vs-old contrast."
longmemeval::gpt4_2f584639,"Which gift did I buy first, the necklace for my sister or the photo album for my mom?",the photo album for my mom,ordering,ordering,fact_0bf107fcbd5e3987;fact_ccd0435b23bfeccf;fact_d247f30dc2691069;fact_f05b6a030d18c096,fact_0bf107fcbd5e3987;fact_ccd0435b23bfeccf;fact_d247f30dc2691069;fact_f05b6a030d18c096,,fact_8a6e34d3949a3e7f;fact_ac85360fc15a8fc6,True,True,True,True,high,True,True,False,,True,"Gold facts establish timeline: photo album ordered May 16 (two weeks before), necklace purchased May 23 or 30. Conflict facts state necklace bought May 23 (last weekend) vs. May 30, creating order uncertainty. All facts align with 'ordering' type. No extra gold or conflict facts beyond limits."
longmemeval::gpt4_468eb064,Who did I meet with during the lunch last Tuesday?,Emma,current-vs-old,historical-state,fact_6533ed807a464697,fact_6533ed807a464697,,,True,True,True,True,high,False,True,True,,True,"The question asks for a specific person met during lunch last Tuesday (April 11, 2023). Fact 'fact_6533ed807a464697' directly states the user met Emma then. No conflicting date or state exists. Other facts are topical but not temporally contradictory. The task is a direct lookup, not a comparison or ordering."
longmemeval::gpt4_59149c78,I mentioned that I participated in an art-related event two weeks ago. Where was that event held at?,The Metropolitan Museum of Art.,historical-state,historical-state,fact_0e4fecefaf12e104;fact_17444f0fd0e881cc;fact_21f1c6da23d19155;fact_390f696832a0202c;fact_ba1bad5a449e7e87,fact_0e4fecefaf12e104;fact_17444f0fd0e881cc;fact_21f1c6da23d19155;fact_390f696832a0202c;fact_ba1bad5a449e7e87,,,True,True,True,True,high,True,True,True,,False,"The gold facts directly support the event at the Metropolitan Museum of Art on Jan 15, 2023. The proposed conflict list is empty, which is valid as no conflicting evidence exists. The temporal type 'historical-state' is appropriate for a single dated event with a specific location. All fact IDs are valid and relevant."
longmemeval::gpt4_5dcc0aab,Which pair of shoes did I clean last month?,white Adidas sneakers,current-vs-old,current-vs-old,fact_28b89c06f3f83822;fact_4f5aeed43b66ef4b;fact_cab22aebe178de4c,fact_4f5aeed43b66ef4b;fact_53a619e68b19743d,,fact_cc9092549a8ae329,True,True,True,True,high,True,False,False,,True,"Gold facts confirm current ownership of white Adidas sneakers and their cleaning on May 24, 2023. Conflict fact states cleaning in April, contradicting 'last month' as the cleaning time. Other facts are irrelevant or not conflicting. Proposed type 'current-vs-old' is correct as the query compares cleaning status across time."
longmemeval::gpt4_6ed717ea,"Which item did I purchase first, the dog bed for Max or the training pads for Luna?",Training pads for Luna,ordering,ordering,fact_553411ce9323c027;fact_a35e8f4da895381c;fact_aad4df1207d2d0ca;fact_fc95267df94fb1fa,fact_553411ce9323c027;fact_a35e8f4da895381c;fact_aad4df1207d2d0ca;fact_fc95267df94fb1fa,,,True,True,True,True,high,True,True,True,,False,"Gold facts include purchase dates for training pads (April 2023) and dog bed (May 8, 2023), supporting the order. The planned Kong Toy purchase is on May 29, same as other items. No conflicting dates for the same item. Fact about Luna's training phase supports context but not timing. No valid conflict facts identified."
longmemeval::gpt4_7ca326fa,"Who graduated first, second and third among Emma, Rachel and Alex?","Emma graduated first, followed by Rachel and then Alex.",ordering,ordering,fact_5f9213a1a43ca46a;fact_7ea9df3d88a509c2;fact_84bcccd6805cfe68,fact_5f9213a1a43ca46a;fact_7ea9df3d88a509c2;fact_84bcccd6805cfe68,,,True,True,True,True,high,True,True,True,,False,"Gold facts establish graduation dates for Emma (May 27), Alex (June 22 or July 1), and Rachel (June 21). The order is derivable via date comparison. No conflicting dates for the same event. All gold facts support the correct sequence. No valid conflicts identified."
longmemeval::gpt4_b4a80587,"Which event happened first, the road trip to the coast or the arrival of the new prime lens?",The arrival of the new prime lens,ordering,ordering,fact_0d41988011de40c7;fact_100fe0c1cb83887b;fact_6a98b2664e6e53d7,fact_0d41988011de40c7;fact_100fe0c1cb83887b;fact_6a98b2664e6e53d7,,,True,True,True,True,high,True,True,True,,False,Gold facts establish timeline: lens purchase (May 23) after road trip (May 16). 'Coastal trip' (May 23) is ambiguous but consistent with later lens use. No conflicting dates. All gold facts support ordering. No valid conflicts identified.
longmemeval::gpt4_b5700ca0,Where did I attend the religious activity last week?,the Episcopal Church,current-vs-old,historical-state,fact_5753155e155bfb88,fact_5753155e155bfb88,,,True,True,True,True,high,False,True,True,,True,"The gold fact directly supports the answer: attending a Maundy Thursday service at an Episcopal Church on or before April 6, 2023, aligns with 'last week' relative to the reference date. No conflicting facts about the location of a religious activity last week exist. The temporal type is historical-state, as the query asks for a past location with a specific time frame. Other facts are irrelevant or describe different events."
longmemeval::gpt4_d6585ce9,Who did I go with to the music event last Saturday?,my parents,current-vs-old,current-vs-old,fact_7a7f561ebd16ee45,fact_7a7f561ebd16ee45,fact_1382b2352009bf45;fact_19590f98defc8542;fact_6ee069f297b09927;fact_78e97be6c7d9b492,fact_1382b2352009bf45;fact_19590f98defc8542;fact_6ee069f297b09927;fact_78e97be6c7d9b492,True,True,True,True,high,True,True,True,,False,"Fact_7a7f561ebd16ee45 directly supports the gold answer (parents) and is temporally aligned with last Saturday (April 15, 2023). The four conflict facts describe attending a music festival with friends before April 15, contradicting the 'parents' answer. All are relevant to the same event but differ in companions. No other facts support or conflict the gold answer. Temporal type 'current-vs-old' is appropriate as the query contrasts a past event with a current state (e.g., interest vs. actual attendance)."
longmemeval::gpt4_ec93e27f,"Which mode of transport did I use most recently, a bus or a train?",train,current-vs-old,current-vs-old,fact_497d764de3b6a5fc;fact_4fb6548ac3bcbbb4;fact_a1c7925413914498;fact_b3b0a52d9f902373,fact_497d764de3b6a5fc;fact_4fb6548ac3bcbbb4;fact_a1c7925413914498;fact_b3b0a52d9f902373,,fact_540a6dc3c7b2a337;fact_eb0dd9804eb0d9b9,True,True,True,True,high,True,True,False,,True,"Gold facts support recent train use and intent. Conflict facts show recent bus use and daily bus commute, contradicting 'train' as most recent. 'recently' and 'today' align with reference date. No additional conflicts needed. All facts are topically relevant and temporally anchored."
longmemeval::gpt4_fa19884d,What is the artist that I started to listen to last Friday?,a bluegrass band that features a banjo player,current-vs-old,current-vs-old,fact_b0794466f8d3b712,fact_b0794466f8d3b712,fact_2dca0f7fcffc2c2e;fact_5b4226e6c4772ad7;fact_bc6dcacee4639f90,fact_2dca0f7fcffc2c2e;fact_5b4226e6c4772ad7;fact_bc6dcacee4639f90,True,True,True,True,high,True,True,True,,False,"The gold fact (fact_b0794466f8d3b712) directly supports the answer: starting to listen to a bluegrass band with a banjo player on March 31, 2023. The conflict facts (2dca0f7fcffc2c2e, 5b4226e6c4772ad7, bc6dcacee4639f90) describe music interests on March 25, 2023, which are older states. The question asks about last Friday (March 31, 2023), making this a current-vs-old comparison. All facts are correctly classified."
